REF_DATE,GEO,Sex,Age group,Employment,Full-time employment,Labour force,Part-time employment ,Population,Unemployment,Employment rate,Participation rate,Unemployment rate
2018-01-01,Alberta,Both sexes,15 years and over,2270500.0,1874300.0,2434400.0,396200.0,3373100.0,163900.0,67.3,72.2,6.7
2018-01-01,British Columbia,Both sexes,15 years and over,2581700.0,2020600.0,2714800.0,561100.0,4125700.0,133100.0,62.6,65.8,4.9
2018-01-01,Canada,Both sexes,15 years and over,18594900.0,15079700.0,19754600.0,3515200.0,30000900.0,1159700.0,62.0,65.8,5.9
2018-01-01,Manitoba,Both sexes,15 years and over,649500.0,518600.0,687800.0,130900.0,1021600.0,38300.0,63.6,67.3,5.6
2018-01-01,New Brunswick,Both sexes,15 years and over,358000.0,305200.0,393600.0,52800.0,634900.0,35600.0,56.4,62.0,9.0
2018-01-01,Newfoundland and Labrador,Both sexes,15 years and over,223000.0,189000.0,262900.0,34000.0,447400.0,40000.0,49.8,58.8,15.2
2018-01-01,Nova Scotia,Both sexes,15 years and over,447900.0,365100.0,488800.0,82800.0,791800.0,40900.0,56.6,61.7,8.4
2018-01-01,Ontario,Both sexes,15 years and over,7178000.0,5823900.0,7604400.0,1354100.0,11723800.0,426400.0,61.2,64.9,5.6
2018-01-01,Prince Edward Island,Both sexes,15 years and over,75500.0,62100.0,84800.0,13400.0,125400.0,9300.0,60.2,67.6,11.0
2018-01-01,Quebec,Both sexes,15 years and over,4245100.0,3458200.0,4482900.0,786800.0,6884100.0,237800.0,61.7,65.1,5.3
2018-01-01,Saskatchewan,Both sexes,15 years and over,565900.0,462800.0,600300.0,103100.0,873200.0,34400.0,64.8,68.7,5.7
2018-02-01,Alberta,Both sexes,15 years and over,2267400.0,1862200.0,2424300.0,405200.0,3376800.0,156900.0,67.1,71.8,6.5
2018-02-01,British Columbia,Both sexes,15 years and over,2582600.0,2013800.0,2718100.0,568800.0,4131300.0,135500.0,62.5,65.8,5.0
2018-02-01,Canada,Both sexes,15 years and over,18585000.0,15041700.0,19765800.0,3543300.0,30032300.0,1180700.0,61.9,65.8,6.0
2018-02-01,Manitoba,Both sexes,15 years and over,647200.0,517200.00000000006,688200.0,130000.0,1022500.0,41000.0,63.3,67.3,6.0
2018-02-01,New Brunswick,Both sexes,15 years and over,361100.0,307700.0,394400.0,53400.0,635300.0,33300.0,56.8,62.1,8.4
2018-02-01,Newfoundland and Labrador,Both sexes,15 years and over,224300.0,188200.0,263900.0,36100.0,447200.0,39600.0,50.2,59.0,15.0
2018-02-01,Nova Scotia,Both sexes,15 years and over,449800.0,370600.0,491600.0,79200.0,792100.0,41800.0,56.8,62.1,8.5
2018-02-01,Ontario,Both sexes,15 years and over,7180500.0,5815400.0,7603600.0,1365000.0,11739100.0,423100.0,61.2,64.8,5.6
2018-02-01,Prince Edward Island,Both sexes,15 years and over,76300.0,63800.0,84900.0,12600.0,125600.0,8500.0,60.7,67.6,10.0
2018-02-01,Quebec,Both sexes,15 years and over,4230800.0,3439400.0,4497500.0,791500.0,6888600.0,266700.0,61.4,65.3,5.9
2018-02-01,Saskatchewan,Both sexes,15 years and over,565000.0,463600.0,599400.0,101400.0,873700.0,34400.0,64.7,68.6,5.7
2018-03-01,Alberta,Both sexes,15 years and over,2274400.0,1856000.0,2422800.0,418400.0,3381200.0,148400.0,67.3,71.7,6.1
2018-03-01,British Columbia,Both sexes,15 years and over,2577800.0,2032000.0,2710500.0,545800.0,4138200.0,132700.0,62.3,65.5,4.9
2018-03-01,Canada,Both sexes,15 years and over,18642000.0,15123900.0,19792100.0,3518100.0,30069600.0,1150100.0,62.0,65.8,5.8
2018-03-01,Manitoba,Both sexes,15 years and over,648700.0,518100.0,692600.0,130600.0,1023500.0,43900.0,63.4,67.7,6.3
2018-03-01,New Brunswick,Both sexes,15 years and over,361100.0,308300.0,393700.0,52800.0,635600.0,32600.0,56.8,61.9,8.3
2018-03-01,Newfoundland and Labrador,Both sexes,15 years and over,224700.0,188700.0,263700.0,36000.0,447000.0,39000.0,50.3,59.0,14.8
2018-03-01,Nova Scotia,Both sexes,15 years and over,449500.0,371900.0,489300.0,77600.0,792700.0,39800.0,56.7,61.7,8.1
2018-03-01,Ontario,Both sexes,15 years and over,7208000.0,5844400.0,7627100.0,1363600.0,11756600.0,419100.0,61.3,64.9,5.5
2018-03-01,Prince Edward Island,Both sexes,15 years and over,76000.0,63000.0,84800.0,13000.0,125800.0,8800.0,60.4,67.4,10.4
2018-03-01,Quebec,Both sexes,15 years and over,4254200.0,3479900.0,4503400.0,774300.0,6894700.0,249200.0,61.7,65.3,5.5
2018-03-01,Saskatchewan,Both sexes,15 years and over,567600.0,461600.0,604200.0,105900.0,874200.0,36600.0,64.9,69.1,6.1
2018-04-01,Alberta,Both sexes,15 years and over,2260100.0,1863800.0,2422500.0,396300.0,3386900.0,162400.0,66.7,71.5,6.7
2018-04-01,British Columbia,Both sexes,15 years and over,2591400.0,2050100.0,2727400.0,541300.0,4146600.000000001,136000.0,62.5,65.8,5.0
2018-04-01,Canada,Both sexes,15 years and over,18638300.0,15171400.0,19789300.0,3467000.0,30117600.0,1151000.0,61.9,65.7,5.8
2018-04-01,Manitoba,Both sexes,15 years and over,651500.0,521700.00000000006,694300.0,129800.0,1025000.0,42800.0,63.6,67.7,6.2
2018-04-01,New Brunswick,Both sexes,15 years and over,362200.0,309400.0,393600.0,52700.0,636100.0,31400.0,56.9,61.9,8.0
2018-04-01,Newfoundland and Labrador,Both sexes,15 years and over,225000.0,190100.0,264100.0,34900.0,446800.0,39100.0,50.4,59.1,14.8
2018-04-01,Nova Scotia,Both sexes,15 years and over,451800.0,370600.0,486700.0,81200.0,793400.0,34900.0,56.9,61.3,7.2
2018-04-01,Ontario,Both sexes,15 years and over,7214900.0,5880500.0,7627700.0,1334400.0,11778800.0,412800.0,61.3,64.8,5.4
2018-04-01,Prince Edward Island,Both sexes,15 years and over,76100.0,63000.0,85700.0,13100.0,126100.0,9700.0,60.3,68.0,11.3
2018-04-01,Quebec,Both sexes,15 years and over,4242200.0,3463400.0,4486400.0,778800.0,6902900.0,244200.0,61.5,65.0,5.4
2018-04-01,Saskatchewan,Both sexes,15 years and over,563200.0,458700.0,600900.0,104400.0,875000.0,37700.0,64.4,68.7,6.3
2018-05-01,Alberta,Both sexes,15 years and over,2271700.0,1871300.0,2422100.0,400300.0,3391200.0,150500.0,67.0,71.4,6.2
2018-05-01,British Columbia,Both sexes,15 years and over,2573700.0,2024000.0,2702700.0,549600.0,4154000.0,129000.0,62.0,65.1,4.8
2018-05-01,Canada,Both sexes,15 years and over,18641500.0,15124100.0,19800900.0,3517400.0,30156600.0,1159400.0,61.8,65.7,5.9
2018-05-01,Manitoba,Both sexes,15 years and over,651800.0,524700.0,694200.0,127100.0,1026300.0,42300.0,63.5,67.6,6.1
2018-05-01,New Brunswick,Both sexes,15 years and over,362900.0,310600.0,393500.0,52300.0,636300.0,30600.0,57.0,61.8,7.8
2018-05-01,Newfoundland and Labrador,Both sexes,15 years and over,224900.0,186200.0,263000.0,38700.0,446700.0,38100.0,50.3,58.9,14.5
2018-05-01,Nova Scotia,Both sexes,15 years and over,449700.0,369700.0,484900.0,80000.0,794100.0,35200.0,56.6,61.1,7.3
2018-05-01,Ontario,Both sexes,15 years and over,7202600.0,5883600.0,7647800.0,1319000.0,11796900.0,445100.0,61.1,64.8,5.8
2018-05-01,Prince Edward Island,Both sexes,15 years and over,76900.0,64000.0,85000.0,12900.0,126400.0,8100.0,60.8,67.2,9.5
2018-05-01,Quebec,Both sexes,15 years and over,4265300.0,3433300.0,4506200.0,832000.0,6909200.0,240900.0,61.7,65.2,5.3
2018-05-01,Saskatchewan,Both sexes,15 years and over,562000.0,456400.0,601500.0,105600.0,875500.0,39500.0,64.2,68.7,6.6
2018-06-01,Alberta,Both sexes,15 years and over,2269800.0,1864100.0,2431400.0,405700.0,3395900.0,161600.0,66.8,71.6,6.6
2018-06-01,British Columbia,Both sexes,15 years and over,2583200.0,2043500.0,2714000.0,539700.0,4160600.000000001,130800.0,62.1,65.2,4.8
2018-06-01,Canada,Both sexes,15 years and over,18692800.0,15152300.0,19880700.0,3540400.0,30197300.0,1187900.0,61.9,65.8,6.0
2018-06-01,Manitoba,Both sexes,15 years and over,655900.0,523000.0,696600.0,132900.0,1027500.0,40800.0,63.8,67.8,5.9
2018-06-01,New Brunswick,Both sexes,15 years and over,362300.0,308400.0,393700.0,54000.0,636600.0,31400.0,56.9,61.8,8.0
2018-06-01,Newfoundland and Labrador,Both sexes,15 years and over,225700.0,186800.0,264500.0,39000.0,446500.0,38800.0,50.5,59.2,14.7
2018-06-01,Nova Scotia,Both sexes,15 years and over,448500.0,368300.0,486700.0,80100.0,795000.0,38200.0,56.4,61.2,7.8
2018-06-01,Ontario,Both sexes,15 years and over,7245900.0,5914300.0,7702200.0,1331600.0,11816700.0,456200.0,61.3,65.2,5.9
2018-06-01,Prince Edward Island,Both sexes,15 years and over,77600.0,64700.0,85100.0,12900.0,126700.0,7500.0,61.2,67.2,8.8
2018-06-01,Quebec,Both sexes,15 years and over,4258000.0,3416000.0,4501800.0,841900.0,6915800.0,243800.0,61.6,65.1,5.4
2018-06-01,Saskatchewan,Both sexes,15 years and over,565800.0,463200.0,604600.0,102600.0,876000.0,38800.0,64.6,69.0,6.4
2018-07-01,Alberta,Both sexes,15 years and over,2273600.0,1858400.0,2442700.0,415300.0,3401800.0,169100.0,66.8,71.8,6.9
2018-07-01,British Columbia,Both sexes,15 years and over,2601600.0,2066300.0,2727300.0,535200.0,4169400.0,125700.0,62.4,65.4,4.6
2018-07-01,Canada,Both sexes,15 years and over,18773100.0,15195300.0,19941400.0,3577700.0,30249400.0,1168300.0,62.1,65.9,5.9
2018-07-01,Manitoba,Both sexes,15 years and over,654000.0,528300.0,696100.0,125600.0,1028600.0,42200.0,63.6,67.7,6.1
2018-07-01,New Brunswick,Both sexes,15 years and over,363600.0,310200.0,393900.0,53400.0,637000.0,30300.0,57.1,61.8,7.7
2018-07-01,Newfoundland and Labrador,Both sexes,15 years and over,227200.0,186100.0,267300.0,41100.0,446400.0,40200.0,50.9,59.9,15.0
2018-07-01,Nova Scotia,Both sexes,15 years and over,449300.0,366800.0,490100.0,82500.0,796300.0,40800.0,56.4,61.5,8.3
2018-07-01,Ontario,Both sexes,15 years and over,7316500.0,5926400.0,7738800.0,1390000.0,11841700.0,422300.0,61.8,65.4,5.5
2018-07-01,Prince Edward Island,Both sexes,15 years and over,77400.0,64900.00000000001,85800.0,12500.0,127100.0,8300.0,60.9,67.5,9.7
2018-07-01,Quebec,Both sexes,15 years and over,4245200.0,3426700.0,4496200.0,818400.0,6924400.0,251000.0,61.3,64.9,5.6
2018-07-01,Saskatchewan,Both sexes,15 years and over,564800.0,461100.0,603100.0,103700.0,876600.0,38400.0,64.4,68.8,6.4
2018-08-01,Alberta,Both sexes,15 years and over,2293000.0,1878400.0,2459300.0,414500.0,3406300.0,166300.0,67.3,72.2,6.8
2018-08-01,British Columbia,Both sexes,15 years and over,2615300.0,2081100.0,2744600.0,534300.0,4175200.0,129300.0,62.6,65.7,4.7
2018-08-01,Canada,Both sexes,15 years and over,18725700.0,15211300.0,19913600.0,3514400.0,30289000.0,1187900.0,61.8,65.7,6.0
2018-08-01,Manitoba,Both sexes,15 years and over,657600.0,524500.0,697100.0,133100.0,1029400.0,39500.0,63.9,67.7,5.7
2018-08-01,New Brunswick,Both sexes,15 years and over,361100.0,306100.0,394100.0,54900.0,637400.0,33000.0,56.7,61.8,8.4
2018-08-01,Newfoundland and Labrador,Both sexes,15 years and over,227000.0,187700.0,264600.0,39300.0,446400.0,37600.0,50.9,59.3,14.2
2018-08-01,Nova Scotia,Both sexes,15 years and over,452500.0,371600.0,493200.0,80900.0,797100.0,40700.0,56.8,61.9,8.3
2018-08-01,Ontario,Both sexes,15 years and over,7236300.0,5897600.0,7675700.0,1338600.0,11860400.0,439400.0,61.0,64.7,5.7
2018-08-01,Prince Edward Island,Both sexes,15 years and over,77400.0,64599.99999999999,85600.0,12800.0,127400.0,8200.0,60.8,67.2,9.6
2018-08-01,Quebec,Both sexes,15 years and over,4241400.0,3436500.0,4496000.0,804800.0,6932000.0,254600.0,61.2,64.9,5.7
2018-08-01,Saskatchewan,Both sexes,15 years and over,564100.0,463000.0,603400.0,101100.0,877300.0,39300.0,64.3,68.8,6.5
2018-09-01,Alberta,Both sexes,15 years and over,2289800.0,1866800.0,2462100.0,422900.0,3410400.0,172400.0,67.1,72.2,7.0
2018-09-01,British Columbia,Both sexes,15 years and over,2643900.0,2089700.0,2753700.0,554200.0,4180900.0,109700.0,63.2,65.9,4.0
2018-09-01,Canada,Both sexes,15 years and over,18802700.0,15186000.0,19967400.0,3616700.0,30328200.0,1164600.0,62.0,65.8,5.8
2018-09-01,Manitoba,Both sexes,15 years and over,655700.0,525800.0,695800.0,129800.0,1030500.0,40200.0,63.6,67.5,5.8
2018-09-01,New Brunswick,Both sexes,15 years and over,363000.0,307600.0,394200.0,55300.0,637900.0,31300.0,56.9,61.8,7.9
2018-09-01,Newfoundland and Labrador,Both sexes,15 years and over,228100.0,187700.0,262400.0,40400.0,446400.0,34400.0,51.1,58.8,13.1
2018-09-01,Nova Scotia,Both sexes,15 years and over,455000.0,370900.0,493400.0,84100.0,798000.0,38400.0,57.0,61.8,7.8
2018-09-01,Ontario,Both sexes,15 years and over,7285900.0,5889800.0,7733900.0,1396200.0,11878500.0,448000.0,61.3,65.1,5.8
2018-09-01,Prince Edward Island,Both sexes,15 years and over,78300.0,66400.0,85900.0,11900.0,127700.0,7600.0,61.3,67.3,8.8
2018-09-01,Quebec,Both sexes,15 years and over,4237100.0,3420300.0,4481000.0,816700.0,6939800.0,243900.0,61.1,64.6,5.4
2018-09-01,Saskatchewan,Both sexes,15 years and over,566000.0,460900.0,604900.0,105100.0,878100.0,38900.0,64.5,68.9,6.4
2018-10-01,Alberta,Both sexes,15 years and over,2290000.0,1872200.0,2462400.0,417900.0,3414900.0,172300.0,67.1,72.1,7.0
2018-10-01,British Columbia,Both sexes,15 years and over,2633000.0,2069000.0,2747500.0,564000.0,4186300.0,114500.0,62.9,65.6,4.2
2018-10-01,Canada,Both sexes,15 years and over,18821300.0,15229000.0,19960900.0,3592300.0,30366800.0,1139600.0,62.0,65.7,5.7
2018-10-01,Manitoba,Both sexes,15 years and over,655400.0,524400.0,698700.0,131000.0,1031600.0,43200.0,63.5,67.7,6.2
2018-10-01,New Brunswick,Both sexes,15 years and over,362000.0,307100.0,390700.0,54900.0,638300.0,28700.0,56.7,61.2,7.3
2018-10-01,Newfoundland and Labrador,Both sexes,15 years and over,229500.0,192200.0,260900.0,37300.0,446400.0,31300.0,51.4,58.4,12.0
2018-10-01,Nova Scotia,Both sexes,15 years and over,456400.0,372000.0,495000.0,84400.0,798900.0,38500.0,57.1,62.0,7.8
2018-10-01,Ontario,Both sexes,15 years and over,7288600.0,5925800.0,7727200.0,1362800.0,11896400.0,438700.0,61.3,65.0,5.7
2018-10-01,Prince Edward Island,Both sexes,15 years and over,78100.0,65700.0,85500.0,12500.0,127900.0,7400.0,61.1,66.8,8.7
2018-10-01,Quebec,Both sexes,15 years and over,4259600.0,3437300.0,4486900.0,822300.0,6947200.0,227300.0,61.3,64.6,5.1
2018-10-01,Saskatchewan,Both sexes,15 years and over,568600.0,463400.0,606300.0,105200.0,879000.0,37700.0,64.7,69.0,6.2
2018-11-01,Alberta,Both sexes,15 years and over,2312800.0,1896600.0,2467800.0,416200.0,3419300.0,155000.0,67.6,72.2,6.3
2018-11-01,British Columbia,Both sexes,15 years and over,2644500.0,2071100.0,2773000.0,573400.0,4191700.0,128500.0,63.1,66.2,4.6
2018-11-01,Canada,Both sexes,15 years and over,18897200.0,15292100.0,20041700.0,3605100.0,30403200.0,1144400.0,62.2,65.9,5.7
2018-11-01,Manitoba,Both sexes,15 years and over,658800.0,527900.0,700100.0,130900.0,1032500.0,41300.0,63.8,67.8,5.9
2018-11-01,New Brunswick,Both sexes,15 years and over,362600.0,307800.0,394600.0,54800.0,638700.0,32000.0,56.8,61.8,8.1
2018-11-01,Newfoundland and Labrador,Both sexes,15 years and over,227000.0,191200.0,259400.0,35800.0,446300.0,32300.0,50.9,58.1,12.5
2018-11-01,Nova Scotia,Both sexes,15 years and over,456100.0,374700.0,492000.0,81400.0,799700.0,35900.0,57.0,61.5,7.3
2018-11-01,Ontario,Both sexes,15 years and over,7295400.0,5922700.0,7734000.0,1372800.0,11913400.0,438600.0,61.2,64.9,5.7
2018-11-01,Prince Edward Island,Both sexes,15 years and over,77700.0,66500.0,85900.0,11200.0,128200.0,8200.0,60.6,67.0,9.5
2018-11-01,Quebec,Both sexes,15 years and over,4285800.0,3465800.0,4525300.0,820000.0,6953700.0,239500.0,61.6,65.1,5.3
2018-11-01,Saskatchewan,Both sexes,15 years and over,576400.0,467900.0,609600.0,108500.0,879800.0,33200.0,65.5,69.3,5.4
2018-12-01,Alberta,Both sexes,15 years and over,2295500.0,1877400.0,2450700.0,418100.0,3423300.0,155200.0,67.1,71.6,6.3
2018-12-01,British Columbia,Both sexes,15 years and over,2656700.0,2092500.0,2780800.0,564300.0,4196600.0,124100.0,63.3,66.3,4.5
2018-12-01,Canada,Both sexes,15 years and over,18932400.0,15313200.0,20068000.0,3619200.0,30437300.0,1135600.0,62.2,65.9,5.7
2018-12-01,Manitoba,Both sexes,15 years and over,659400.0,534600.0,700900.0,124700.0,1033400.0,41500.0,63.8,67.8,5.9
2018-12-01,New Brunswick,Both sexes,15 years and over,359300.0,306600.0,393000.0,52700.0,638800.0,33800.0,56.2,61.5,8.6
2018-12-01,Newfoundland and Labrador,Both sexes,15 years and over,229300.0,193300.0,261400.0,36000.0,446300.0,32100.0,51.4,58.6,12.3
2018-12-01,Nova Scotia,Both sexes,15 years and over,458600.0,376200.0,493400.0,82400.0,800200.0,34800.0,57.3,61.7,7.1
2018-12-01,Ontario,Both sexes,15 years and over,7316400.0,5920900.0,7748100.0,1395400.0,11930000.0,431700.0,61.3,64.9,5.6
2018-12-01,Prince Edward Island,Both sexes,15 years and over,76900.0,65099.99999999999,85600.0,11800.0,128300.0,8700.0,59.9,66.7,10.2
2018-12-01,Quebec,Both sexes,15 years and over,4304600.0,3477600.0,4543800.0,826900.0,6959900.0,239200.0,61.8,65.3,5.3
2018-12-01,Saskatchewan,Both sexes,15 years and over,575900.0,469000.0,610300.0,106900.0,880300.0,34500.0,65.4,69.3,5.7
2019-01-01,Alberta,Both sexes,15 years and over,2294500.0,1875600.0,2457200.0,418800.0,3428300.0,162800.0,66.9,71.7,6.6
2019-01-01,British Columbia,Both sexes,15 years and over,2666700.0,2076300.0,2796800.0,590400.0,4203100.0,130200.0,63.4,66.5,4.7
2019-01-01,Canada,Both sexes,15 years and over,18973900.0,15321800.0,20122500.0,3652100.0,30479600.0,1148700.0,62.3,66.0,5.7
2019-01-01,Manitoba,Both sexes,15 years and over,662200.0,528700.0,702300.0,133500.0,1034700.0,40100.0,64.0,67.9,5.7
2019-01-01,New Brunswick,Both sexes,15 years and over,361400.0,307000.0,394600.0,54400.0,639300.0,33200.0,56.5,61.7,8.4
2019-01-01,Newfoundland and Labrador,Both sexes,15 years and over,233900.0,197700.0,265300.0,36200.0,446200.0,31400.0,52.4,59.5,11.8
2019-01-01,Nova Scotia,Both sexes,15 years and over,461700.0,376700.0,496900.0,85100.0,800900.0,35200.0,57.6,62.0,7.1
2019-01-01,Ontario,Both sexes,15 years and over,7342300.0,5950000.0,7781200.0,1392200.0,11949900.0,438900.0,61.4,65.1,5.6
2019-01-01,Prince Edward Island,Both sexes,15 years and over,77000.0,65900.0,85600.0,11100.0,128500.0,8600.0,59.9,66.6,10.0
2019-01-01,Quebec,Both sexes,15 years and over,4300100.0,3475300.0,4535400.0,824800.0,6967900.0,235400.0,61.7,65.1,5.2
2019-01-01,Saskatchewan,Both sexes,15 years and over,574200.0,468400.0,607100.0,105800.0,880800.0,33000.0,65.2,68.9,5.4
2019-02-01,Alberta,Both sexes,15 years and over,2292200.0,1880300.0,2468000.0,411900.0,3431800.0,175700.0,66.8,71.9,7.1
2019-02-01,British Columbia,Both sexes,15 years and over,2677000.0,2085700.0,2803700.0,591200.0,4207900.0,126700.0,63.6,66.6,4.5
2019-02-01,Canada,Both sexes,15 years and over,19025100.0,15381500.0,20188000.0,3643600.0,30508000.0,1162900.0,62.4,66.2,5.8
2019-02-01,Manitoba,Both sexes,15 years and over,659700.0,529800.0,697900.0,129900.0,1035300.0,38200.0,63.7,67.4,5.5
2019-02-01,New Brunswick,Both sexes,15 years and over,362100.0,305500.0,396900.0,56600.0,639700.0,34900.0,56.6,62.0,8.8
2019-02-01,Newfoundland and Labrador,Both sexes,15 years and over,233500.0,199400.0,265300.0,34200.0,446100.0,31800.0,52.3,59.5,12.0
2019-02-01,Nova Scotia,Both sexes,15 years and over,461100.0,376200.0,494700.0,84900.0,801500.0,33500.0,57.5,61.7,6.8
2019-02-01,Ontario,Both sexes,15 years and over,7377400.0,5993300.0,7815600.0,1384100.0,11963100.0,438200.0,61.7,65.3,5.6
2019-02-01,Prince Edward Island,Both sexes,15 years and over,77700.0,65900.0,86100.0,11800.0,128800.0,8400.0,60.3,66.8,9.8
2019-02-01,Quebec,Both sexes,15 years and over,4312100.0,3478400.0,4552200.0,833800.0,6972800.0,240100.0,61.8,65.3,5.3
2019-02-01,Saskatchewan,Both sexes,15 years and over,572300.0,467000.0,607600.0,105200.0,881100.0,35300.0,65.0,69.0,5.8
2019-03-01,Alberta,Both sexes,15 years and over,2282000.0,1888100.0,2449100.0,393900.0,3435900.0,167200.0,66.4,71.3,6.8
2019-03-01,British Columbia,Both sexes,15 years and over,2670400.0,2087300.0,2807400.0,583000.0,4214300.0,137000.0,63.4,66.6,4.9
2019-03-01,Canada,Both sexes,15 years and over,18989600.0,15383900.0,20171600.0,3605700.0,30542400.0,1182000.0,62.2,66.0,5.9
2019-03-01,Manitoba,Both sexes,15 years and over,660800.0,529800.0,696800.0,131000.0,1036100.0,36000.0,63.8,67.3,5.2
2019-03-01,New Brunswick,Both sexes,15 years and over,364700.0,306900.0,396600.0,57700.0,640200.0,31900.0,57.0,61.9,8.0
2019-03-01,Newfoundland and Labrador,Both sexes,15 years and over,232700.0,196000.0,265200.0,36700.0,445900.0,32500.0,52.2,59.5,12.3
2019-03-01,Nova Scotia,Both sexes,15 years and over,462000.0,372200.0,494600.0,89800.0,802100.0,32600.0,57.6,61.7,6.6
2019-03-01,Ontario,Both sexes,15 years and over,7364300.0,6002400.0,7826400.0,1361900.0,11979000.0,462100.0,61.5,65.3,5.9
2019-03-01,Prince Edward Island,Both sexes,15 years and over,78600.0,66700.0,86400.0,11900.0,129100.0,7800.0,60.9,66.9,9.0
2019-03-01,Quebec,Both sexes,15 years and over,4297500.0,3462500.0,4541200.0,835000.0,6978500.0,243700.0,61.6,65.1,5.4
2019-03-01,Saskatchewan,Both sexes,15 years and over,576800.0,472000.0,607900.0,104800.0,881300.0,31100.0,65.4,69.0,5.1
2019-04-01,Alberta,Both sexes,15 years and over,2316900.0,1896000.0,2476700.0,420900.0,3441100.0,159800.0,67.3,72.0,6.5
2019-04-01,British Columbia,Both sexes,15 years and over,2677100.0,2104300.0,2812300.0,572800.0,4223300.0,135200.0,63.4,66.6,4.8
2019-04-01,Canada,Both sexes,15 years and over,19116400.0,15439900.0,20280100.0,3676500.0,30589400.0,1163700.0,62.5,66.3,5.7
2019-04-01,Manitoba,Both sexes,15 years and over,662600.0,532200.0,698100.0,130400.0,1037000.0,35600.0,63.9,67.3,5.1
2019-04-01,New Brunswick,Both sexes,15 years and over,360800.0,303000.0,393100.0,57800.0,641100.0,32400.0,56.3,61.3,8.2
2019-04-01,Newfoundland and Labrador,Both sexes,15 years and over,231800.0,195200.0,263400.0,36500.0,445700.0,31600.0,52.0,59.1,12.0
2019-04-01,Nova Scotia,Both sexes,15 years and over,462400.0,374600.0,498200.0,87800.0,803100.0,35800.0,57.6,62.0,7.2
2019-04-01,Ontario,Both sexes,15 years and over,7405300.0,5995800.0,7875500.0,1409500.0,12000800.0,470200.0,61.7,65.6,6.0
2019-04-01,Prince Edward Island,Both sexes,15 years and over,79300.0,67200.0,87000.0,12100.0,129700.0,7700.0,61.1,67.1,8.9
2019-04-01,Quebec,Both sexes,15 years and over,4342700.0,3496200.0,4564300.0,846500.0,6986000.0,221700.0,62.2,65.3,4.9
2019-04-01,Saskatchewan,Both sexes,15 years and over,577600.0,475500.0,611400.0,102100.0,881700.0,33700.0,65.5,69.3,5.5
2019-05-01,Alberta,Both sexes,15 years and over,2307300.0,1873700.0,2473500.0,433600.0,3445500.0,166200.0,67.0,71.8,6.7
2019-05-01,British Columbia,Both sexes,15 years and over,2697500.0,2114000.0,2824000.0,583500.0,4230800.0,126500.0,63.8,66.7,4.5
2019-05-01,Canada,Both sexes,15 years and over,19132400.0,15472600.0,20234900.0,3659700.0,30630400.0,1102600.0,62.5,66.1,5.4
2019-05-01,Manitoba,Both sexes,15 years and over,662900.0,530100.0,698800.0,132800.0,1038100.0,35900.0,63.9,67.3,5.1
2019-05-01,New Brunswick,Both sexes,15 years and over,364600.0,308100.0,394500.0,56600.0,641700.0,29800.0,56.8,61.5,7.6
2019-05-01,Newfoundland and Labrador,Both sexes,15 years and over,229500.0,196000.0,261800.0,33500.0,445600.0,32200.000000000004,51.5,58.8,12.3
2019-05-01,Nova Scotia,Both sexes,15 years and over,466200.0,377900.0,500700.0,88300.0,804100.0,34500.0,58.0,62.3,6.9
2019-05-01,Ontario,Both sexes,15 years and over,7427200.0,6041100.0,7835700.0,1386100.0,12019900.0,408500.0,61.8,65.2,5.2
2019-05-01,Prince Edward Island,Both sexes,15 years and over,79000.0,67300.0,86500.0,11700.0,130000.0,7500.0,60.8,66.5,8.7
2019-05-01,Quebec,Both sexes,15 years and over,4323000.0,3492100.0,4552300.0,830900.0,6992300.0,229400.0,61.8,65.1,5.0
2019-05-01,Saskatchewan,Both sexes,15 years and over,575200.0,472400.0,607200.0,102700.0,882300.0,32000.0,65.2,68.8,5.3
2019-06-01,Alberta,Both sexes,15 years and over,2314900.0,1909800.0,2480100.0,405100.0,3450600.0,165200.0,67.1,71.9,6.7
2019-06-01,British Columbia,Both sexes,15 years and over,2691800.0,2106200.0,2825300.0,585600.0,4238200.0,133500.0,63.5,66.7,4.7
2019-06-01,Canada,Both sexes,15 years and over,19144900.0,15515700.0,20276100.0,3629200.0,30675000.0,1131200.0,62.4,66.1,5.6
2019-06-01,Manitoba,Both sexes,15 years and over,663000.0,532900.0,701700.0,130100.0,1039500.0,38700.0,63.8,67.5,5.5
2019-06-01,New Brunswick,Both sexes,15 years and over,364900.0,308900.0,397800.0,56100.0,642400.0,32900.0,56.8,61.9,8.3
2019-06-01,Newfoundland and Labrador,Both sexes,15 years and over,229500.0,197700.0,262800.0,31800.0,445700.0,33300.0,51.5,59.0,12.7
2019-06-01,Nova Scotia,Both sexes,15 years and over,468600.0,379700.0,503900.0,88900.0,805400.0,35300.0,58.2,62.6,7.0
2019-06-01,Ontario,Both sexes,15 years and over,7428400.0,6025300.0,7854200.0,1403100.0,12040900.0,425800.0,61.7,65.2,5.4
2019-06-01,Prince Edward Island,Both sexes,15 years and over,79400.0,67500.0,87300.0,11900.0,130300.0,7900.0,60.9,67.0,9.0
2019-06-01,Quebec,Both sexes,15 years and over,4327000.0,3515000.0,4554900.0,812000.0,6998900.0,227900.0,61.8,65.1,5.0
2019-06-01,Saskatchewan,Both sexes,15 years and over,577400.0,472600.0,608100.0,104700.0,883000.0,30700.0,65.4,68.9,5.0
2019-07-01,Alberta,Both sexes,15 years and over,2314800.0,1888600.0,2491700.0,426200.0,3456700.0,176900.0,67.0,72.1,7.1
2019-07-01,British Columbia,Both sexes,15 years and over,2680800.0,2083900.0,2813200.0,596800.0,4247100.0,132500.0,63.1,66.2,4.7
2019-07-01,Canada,Both sexes,15 years and over,19127900.0,15505600.0,20295100.0,3622300.0,30727000.0,1167300.0,62.3,66.0,5.8
2019-07-01,Manitoba,Both sexes,15 years and over,659200.0,528000.0,700000.0,131200.0,1041100.0,40700.0,63.3,67.2,5.8
2019-07-01,New Brunswick,Both sexes,15 years and over,361000.0,304000.0,397500.0,57000.0,643300.0,36500.0,56.1,61.8,9.2
2019-07-01,Newfoundland and Labrador,Both sexes,15 years and over,230900.0,197000.0,264100.0,33900.0,445600.0,33300.0,51.8,59.3,12.6
2019-07-01,Nova Scotia,Both sexes,15 years and over,465700.0,379400.0,503000.0,86300.0,806600.0,37300.0,57.7,62.4,7.4
2019-07-01,Ontario,Both sexes,15 years and over,7415100.0,6055500.0,7861800.0,1359600.0,12065200.0,446600.0,61.5,65.2,5.7
2019-07-01,Prince Edward Island,Both sexes,15 years and over,80400.0,67900.0,88000.0,12500.0,130700.0,7600.0,61.5,67.3,8.6
2019-07-01,Quebec,Both sexes,15 years and over,4344900.0,3538000.0,4566600.0,806900.0,7006900.0,221800.0,62.0,65.2,4.9
2019-07-01,Saskatchewan,Both sexes,15 years and over,575100.0,463200.0,609300.0,111900.0,883900.0,34100.0,65.1,68.9,5.6
2019-08-01,Alberta,Both sexes,15 years and over,2300800.0,1879800.0,2491100.0,421000.0,3461200.0,190300.0,66.5,72.0,7.6
2019-08-01,British Columbia,Both sexes,15 years and over,2678400.0,2081600.0,2820700.0,596900.0,4253100.0,142300.0,63.0,66.3,5.0
2019-08-01,Canada,Both sexes,15 years and over,19178700.0,15541000.0,20353000.0,3637600.0,30763900.0,1174400.0,62.3,66.2,5.8
2019-08-01,Manitoba,Both sexes,15 years and over,662200.0,534000.0,699600.0,128200.0,1042100.0,37400.0,63.5,67.1,5.3
2019-08-01,New Brunswick,Both sexes,15 years and over,367000.0,311200.0,400600.0,55800.0,644000.0,33600.0,57.0,62.2,8.4
2019-08-01,Newfoundland and Labrador,Both sexes,15 years and over,229200.0,193000.0,263100.0,36100.0,445700.0,33900.0,51.4,59.0,12.9
2019-08-01,Nova Scotia,Both sexes,15 years and over,465200.0,380200.0,505400.0,84900.0,807800.0,40200.0,57.6,62.6,8.0
2019-08-01,Ontario,Both sexes,15 years and over,7457800.0,6084700.0,7902900.0,1373100.0,12082700.0,445100.0,61.7,65.4,5.6
2019-08-01,Prince Edward Island,Both sexes,15 years and over,79600.0,67800.0,87200.0,11800.0,130900.0,7600.0,60.8,66.6,8.7
2019-08-01,Quebec,Both sexes,15 years and over,4361100.0,3543100.0,4572700.0,817900.0,7011700.0,211600.0,62.2,65.2,4.6
2019-08-01,Saskatchewan,Both sexes,15 years and over,577400.0,465500.0,609800.0,111800.0,884700.0,32400.0,65.3,68.9,5.3
2019-09-01,Alberta,Both sexes,15 years and over,2310400.0,1889100.0,2475000.0,421300.0,3467900.0,164600.0,66.6,71.4,6.7
2019-09-01,British Columbia,Both sexes,15 years and over,2659100.0,2096000.0,2802000.0,563000.0,4260100.0,142900.0,62.4,65.8,5.1
2019-09-01,Canada,Both sexes,15 years and over,19183100.0,15567600.0,20328700.0,3615400.0,30808600.0,1145700.0,62.3,66.0,5.6
2019-09-01,Manitoba,Both sexes,15 years and over,662700.0,536600.0,698100.0,126100.0,1043500.0,35400.0,63.5,66.9,5.1
2019-09-01,New Brunswick,Both sexes,15 years and over,364400.0,309400.0,396200.0,55000.0,644500.0,31800.0,56.5,61.5,8.0
2019-09-01,Newfoundland and Labrador,Both sexes,15 years and over,228700.0,192700.0,257900.0,36000.0,445700.0,29200.0,51.3,57.9,11.3
2019-09-01,Nova Scotia,Both sexes,15 years and over,467200.0,382800.0,504100.0,84400.0,809000.0,36900.0,57.8,62.3,7.3
2019-09-01,Ontario,Both sexes,15 years and over,7472600.0,6086000.0,7899400.0,1386600.0,12104400.0,426800.0,61.7,65.3,5.4
2019-09-01,Prince Edward Island,Both sexes,15 years and over,80600.0,68400.0,88100.0,12200.0,131200.0,7500.0,61.4,67.1,8.5
2019-09-01,Quebec,Both sexes,15 years and over,4358000.0,3535800.0,4594500.0,822200.0,7016600.0,236500.0,62.1,65.5,5.1
2019-09-01,Saskatchewan,Both sexes,15 years and over,579300.0,470800.0,613400.0,108500.0,885600.0,34100.0,65.4,69.3,5.6
2019-10-01,Alberta,Both sexes,15 years and over,2319800.0,1900200.0,2480800.0,419600.0,3473300.0,161000.0,66.8,71.4,6.5
2019-10-01,British Columbia,Both sexes,15 years and over,2680500.0,2113700.0,2821400.0,566800.0,4265000.0,140900.0,62.8,66.2,5.0
2019-10-01,Canada,Both sexes,15 years and over,19174300.0,15536800.0,20318100.0,3637400.0,30842500.0,1143800.0,62.2,65.9,5.6
2019-10-01,Manitoba,Both sexes,15 years and over,660900.0,528700.0,698300.0,132200.0,1044300.0,37300.0,63.3,66.9,5.3
2019-10-01,New Brunswick,Both sexes,15 years and over,362900.0,307700.0,395500.0,55100.0,644900.0,32600.0,56.3,61.3,8.2
2019-10-01,Newfoundland and Labrador,Both sexes,15 years and over,227800.0,189200.0,258600.00000000003,38700.0,445800.0,30800.0,51.1,58.0,11.9
2019-10-01,Nova Scotia,Both sexes,15 years and over,466800.0,380200.0,507500.0,86600.0,809800.0,40700.0,57.6,62.7,8.0
2019-10-01,Ontario,Both sexes,15 years and over,7456300.0,6066300.0,7883000.0,1390000.0,12120800.0,426700.0,61.5,65.0,5.4
2019-10-01,Prince Edward Island,Both sexes,15 years and over,80700.0,68600.0,87900.0,12200.0,131300.0,7200.0,61.5,66.9,8.2
2019-10-01,Quebec,Both sexes,15 years and over,4339200.0,3513100.0,4573500.0,826100.0,7020900.0,234300.0,61.8,65.1,5.1
2019-10-01,Saskatchewan,Both sexes,15 years and over,579300.0,469200.0,611500.0,110100.0,886400.0,32300.0,65.4,69.0,5.3
2019-11-01,Alberta,Both sexes,15 years and over,2306500.0,1893700.0,2486900.0,412800.0,3478100.0,180300.0,66.3,71.5,7.2
2019-11-01,British Columbia,Both sexes,15 years and over,2665800.0,2087000.0,2813100.0,578800.0,4269400.0,147400.0,62.4,65.9,5.2
2019-11-01,Canada,Both sexes,15 years and over,19128100.0,15504500.0,20329400.0,3623600.0,30872800.0,1201400.0,62.0,65.8,5.9
2019-11-01,Manitoba,Both sexes,15 years and over,659600.0,529000.0,698300.0,130600.0,1045000.0,38800.0,63.1,66.8,5.6
2019-11-01,New Brunswick,Both sexes,15 years and over,362300.0,307400.0,393100.0,54900.0,645300.0,30800.0,56.1,60.9,7.8
2019-11-01,Newfoundland and Labrador,Both sexes,15 years and over,226800.0,188100.0,258400.0,38700.0,445800.0,31500.0,50.9,58.0,12.2
2019-11-01,Nova Scotia,Both sexes,15 years and over,463900.0,377600.0,504600.0,86300.0,810600.0,40700.0,57.2,62.3,8.1
2019-11-01,Ontario,Both sexes,15 years and over,7481500.0,6086400.0,7922200.0,1395100.0,12135200.0,440700.0,61.7,65.3,5.6
2019-11-01,Prince Edward Island,Both sexes,15 years and over,80500.0,68700.0,87300.0,11800.0,131300.0,6800.0,61.3,66.5,7.8
2019-11-01,Quebec,Both sexes,15 years and over,4302800.0,3495600.0,4548700.0,807100.0,7025200.0,245900.0,61.2,64.7,5.4
2019-11-01,Saskatchewan,Both sexes,15 years and over,578400.0,471000.0,616800.0,107300.0,886900.0,38500.0,65.2,69.5,6.2
2019-12-01,Alberta,Both sexes,15 years and over,2311400.0,1871800.0,2488200.0,439600.0,3482200.0,176800.0,66.4,71.5,7.1
2019-12-01,British Columbia,Both sexes,15 years and over,2668300.0,2091400.0,2807700.0,576900.0,4273300.0,139300.0,62.4,65.7,5.0
2019-12-01,Canada,Both sexes,15 years and over,19198700.0,15571200.0,20342900.0,3627600.0,30898000.0,1144200.0,62.1,65.8,5.6
2019-12-01,Manitoba,Both sexes,15 years and over,661800.0,526600.0,695200.0,135200.0,1045400.0,33400.0,63.3,66.5,4.8
2019-12-01,New Brunswick,Both sexes,15 years and over,365000.0,313800.0,394700.0,51200.0,645600.0,29700.0,56.5,61.1,7.5
2019-12-01,Newfoundland and Labrador,Both sexes,15 years and over,224500.0,187000.0,256600.00000000003,37500.0,445800.0,32100.0,50.4,57.6,12.5
2019-12-01,Nova Scotia,Both sexes,15 years and over,465800.0,380400.0,506900.0,85500.0,811000.0,41100.0,57.4,62.5,8.1
2019-12-01,Ontario,Both sexes,15 years and over,7509800.0,6137500.0,7926900.0,1372400.0,12146800.0,417000.0,61.8,65.3,5.3
2019-12-01,Prince Edward Island,Both sexes,15 years and over,81800.0,69500.0,88600.0,12300.0,131400.0,6800.0,62.3,67.4,7.7
2019-12-01,Quebec,Both sexes,15 years and over,4334400.0,3521800.0,4564900.0,812500.0,7029200.0,230500.0,61.7,64.9,5.0
2019-12-01,Saskatchewan,Both sexes,15 years and over,575900.0,471300.0,613200.0,104600.0,887200.0,37300.0,64.9,69.1,6.1
2020-01-01,Alberta,Both sexes,15 years and over,2293600.0,1876000.0,2472500.0,417600.0,3486900.0,178900.0,65.8,70.9,7.2
2020-01-01,British Columbia,Both sexes,15 years and over,2673300.0,2094700.0,2806200.0,578600.0,4277200.0,133000.0,62.5,65.6,4.7
2020-01-01,Canada,Both sexes,15 years and over,19226100.0,15595100.0,20344400.0,3631000.0,30924200.0,1118300.0,62.2,65.8,5.5
2020-01-01,Manitoba,Both sexes,15 years and over,667900.0,527000.0,703400.0,140900.0,1046000.0,35500.0,63.9,67.2,5.0
2020-01-01,New Brunswick,Both sexes,15 years and over,367600.0,315800.0,398400.0,51700.0,645800.0,30800.0,56.9,61.7,7.7
2020-01-01,Newfoundland and Labrador,Both sexes,15 years and over,227200.0,190900.0,258900.0,36300.0,445700.0,31700.0,51.0,58.1,12.2
2020-01-01,Nova Scotia,Both sexes,15 years and over,467200.0,380900.0,506100.0,86300.0,811500.0,39000.0,57.6,62.4,7.7
2020-01-01,Ontario,Both sexes,15 years and over,7523200.0,6137100.0,7932600.0,1386100.0,12158800.0,409300.0,61.9,65.2,5.2
2020-01-01,Prince Edward Island,Both sexes,15 years and over,81900.0,69400.0,88400.0,12500.0,131600.0,6500.0,62.2,67.2,7.4
2020-01-01,Quebec,Both sexes,15 years and over,4346200.0,3530200.0,4563800.0,816000.0,7033300.0,217600.0,61.8,64.9,4.8
2020-01-01,Saskatchewan,Both sexes,15 years and over,578100.0,473100.0,614000.0,105000.0,887600.0,35900.0,65.1,69.2,5.8
2020-02-01,Alberta,Both sexes,15 years and over,2302700.0,1875700.0,2483300.0,427000.0,3491000.0,180600.0,66.0,71.1,7.3
2020-02-01,British Columbia,Both sexes,15 years and over,2666700.0,2105500.0,2820400.0,561200.0,4281400.0,153800.0,62.3,65.9,5.5
2020-02-01,Canada,Both sexes,15 years and over,19223400.0,15618200.0,20393900.0,3605100.0,30949100.0,1170500.0,62.1,65.9,5.7
2020-02-01,Manitoba,Both sexes,15 years and over,668800.0,529100.0,705200.0,139700.0,1046400.0,36400.0,63.9,67.4,5.2
2020-02-01,New Brunswick,Both sexes,15 years and over,369000.0,316200.0,398000.0,52800.0,645800.0,29000.0,57.1,61.6,7.3
2020-02-01,Newfoundland and Labrador,Both sexes,15 years and over,226500.0,190100.0,258500.0,36400.0,445700.0,32000.0,50.8,58.0,12.4
2020-02-01,Nova Scotia,Both sexes,15 years and over,468800.0,379300.0,510300.0,89500.0,811800.0,41500.0,57.7,62.9,8.1
2020-02-01,Ontario,Both sexes,15 years and over,7503700.0,6139000.0,7946300.0,1364700.0,12170100.0,442700.0,61.7,65.3,5.6
2020-02-01,Prince Edward Island,Both sexes,15 years and over,81300.0,69200.0,88600.0,12100.0,131800.0,7200.0,61.7,67.2,8.1
2020-02-01,Quebec,Both sexes,15 years and over,4359200.0,3543700.0,4566900.0,815500.0,7037000.0,207800.0,61.9,64.9,4.6
2020-02-01,Saskatchewan,Both sexes,15 years and over,576800.0,470500.0,616300.0,106300.0,888100.0,39500.0,64.9,69.4,6.4
2020-03-01,Alberta,Both sexes,15 years and over,2172200.0,1817000.0,2379800.0,355200.0,3495900.0,207600.0,62.1,68.1,8.7
2020-03-01,British Columbia,Both sexes,15 years and over,2493100.0,2028700.0,2699000.0,464400.0,4286200.0,205900.0,58.2,63.0,7.6
2020-03-01,Canada,Both sexes,15 years and over,18075000.0,15056500.0,19722800.0,3018500.0,30978600.0,1647800.0,58.3,63.7,8.4
2020-03-01,Manitoba,Both sexes,15 years and over,637700.0,515600.0,684200.0,122200.0,1047200.0,46500.0,60.9,65.3,6.8
2020-03-01,New Brunswick,Both sexes,15 years and over,351000.0,304400.0,386400.0,46600.0,646100.0,35400.0,54.3,59.8,9.2
2020-03-01,Newfoundland and Labrador,Both sexes,15 years and over,220500.0,190800.0,249800.0,29800.0,445800.0,29300.0,49.5,56.0,11.7
2020-03-01,Nova Scotia,Both sexes,15 years and over,437900.0,366100.0,485800.0,71800.0,812100.0,47900.0,53.9,59.8,9.9
2020-03-01,Ontario,Both sexes,15 years and over,7047100.0,5860500.0,7685800.0,1186600.0,12184200.0,638700.0,57.8,63.1,8.3
2020-03-01,Prince Edward Island,Both sexes,15 years and over,77600.0,67100.0,85500.0,10500.0,131900.0,8000.0,58.8,64.8,9.4
2020-03-01,Quebec,Both sexes,15 years and over,4081000.0,3438400.0,4465500.0,642600.0,7040600.0,384500.0,58.0,63.4,8.6
2020-03-01,Saskatchewan,Both sexes,15 years and over,556900.0,468000.0,601000.0,89000.0,888700.0,44100.0,62.7,67.6,7.3
2020-04-01,Alberta,Both sexes,15 years and over,1945400.0,1653700.0,2238800.0,291800.0,3499200.0,293400.0,55.6,64.0,13.1
2020-04-01,British Columbia,Both sexes,15 years and over,2235700.0,1827800.0,2537300.0,408000.0,4288700.0,301600.0,52.1,59.2,11.9
2020-04-01,Canada,Both sexes,15 years and over,16083600.0,13582600.0,18623700.0,2501000.0,30994300.0,2540100.0,51.9,60.1,13.6
2020-04-01,Manitoba,Both sexes,15 years and over,574800.0,480100.0,649000.0,94700.0,1047100.0,74200.0,54.9,62.0,11.4
2020-04-01,New Brunswick,Both sexes,15 years and over,312200.0,274200.0,364100.0,38000.0,646300.0,51900.0,48.3,56.3,14.3
2020-04-01,Newfoundland and Labrador,Both sexes,15 years and over,192000.0,164000.0,228000.0,28100.0,445700.0,35900.0,43.1,51.2,15.7
2020-04-01,Nova Scotia,Both sexes,15 years and over,395000.0,333300.0,452100.0,61700.0,812200.0,57100.0,48.6,55.7,12.6
2020-04-01,Ontario,Both sexes,15 years and over,6340500.0,5372300.0,7204700.0,968100.0,12191400.0,864300.0,52.0,59.1,12.0
2020-04-01,Prince Edward Island,Both sexes,15 years and over,70500.0,61000.0,79400.0,9500.0,132100.0,8800.0,53.4,60.1,11.1
2020-04-01,Quebec,Both sexes,15 years and over,3517100.0,2994200.0,4305900.0,523000.0,7043000.0,788800.0,49.9,61.1,18.3
2020-04-01,Saskatchewan,Both sexes,15 years and over,500300.0,422100.0,564500.0,78200.0,888500.0,64200.0,56.3,63.5,11.4
2020-05-01,Alberta,Both sexes,15 years and over,1961100.0,1629600.0,2319600.0,331500.0,3502100.0,358400.0,56.0,66.2,15.5
2020-05-01,British Columbia,Both sexes,15 years and over,2286700.0,1876000.0,2649600.0,410700.0,4291600.0,363000.0,53.3,61.7,13.7
2020-05-01,Canada,Both sexes,15 years and over,16395400.000000002,13842000.0,19086500.0,2553400.0,31009300.0,2691100.0,52.9,61.6,14.1
2020-05-01,Manitoba,Both sexes,15 years and over,587500.0,483400.0,666400.0,104100.0,1047000.0,78900.0,56.1,63.6,11.8
2020-05-01,New Brunswick,Both sexes,15 years and over,328900.0,286200.0,380200.0,42700.0,646400.0,51300.0,50.9,58.8,13.5
2020-05-01,Newfoundland and Labrador,Both sexes,15 years and over,195400.0,169500.0,237200.0,25900.0,445500.0,41800.0,43.9,53.2,17.6
2020-05-01,Nova Scotia,Both sexes,15 years and over,399300.0,334200.0,466300.0,65200.0,812600.0,66900.0,49.1,57.4,14.3
2020-05-01,Ontario,Both sexes,15 years and over,6317200.0,5361000.0,7349700.0,956200.0,12198700.0,1032500.0,51.8,60.2,14.0
2020-05-01,Prince Edward Island,Both sexes,15 years and over,72000.0,63200.0,83700.0,8800.0,132200.0,11700.0,54.5,63.3,14.0
2020-05-01,Quebec,Both sexes,15 years and over,3746800.0,3217400.0,4363500.0,529400.0,7045100.0,616700.0,53.2,61.9,14.1
2020-05-01,Saskatchewan,Both sexes,15 years and over,500500.0,421600.0,570400.0,78900.0,888000.0,70000.0,56.4,64.2,12.3
2020-06-01,Alberta,Both sexes,15 years and over,2063500.0,1710900.0,2433500.0,352600.0,3506400.0,370100.0,58.8,69.4,15.2
2020-06-01,British Columbia,Both sexes,15 years and over,2411900.0,1913700.0,2763200.0,498200.0,4297700.0,351300.0,56.1,64.3,12.7
2020-06-01,Canada,Both sexes,15 years and over,17431200.0,14411400.0,19904500.0,3019800.0,31036900.0,2473300.0,56.2,64.1,12.4
2020-06-01,Manitoba,Both sexes,15 years and over,618600.0,495900.0,689100.0,122800.0,1047400.0,70500.0,59.1,65.8,10.2
2020-06-01,New Brunswick,Both sexes,15 years and over,352600.0,301500.0,396700.0,51100.0,646700.0,44100.0,54.5,61.3,11.1
2020-06-01,Newfoundland and Labrador,Both sexes,15 years and over,203300.0,168300.0,246700.0,35100.0,445500.0,43300.0,45.6,55.4,17.6
2020-06-01,Nova Scotia,Both sexes,15 years and over,429300.0,356500.0,497600.0,72800.0,813500.0,68300.0,52.8,61.2,13.7
2020-06-01,Ontario,Both sexes,15 years and over,6721600.0,5610800.0,7678400.0,1110800.0,12210900.0,956800.0,55.0,62.9,12.5
2020-06-01,Prince Edward Island,Both sexes,15 years and over,74700.0,64200.0,87000.0,10500.0,132400.0,12300.0,56.4,65.7,14.1
2020-06-01,Quebec,Both sexes,15 years and over,4023300.0,3345400.0,4513300.0,677800.0,7048700.0,490000.0,57.1,64.0,10.9
2020-06-01,Saskatchewan,Both sexes,15 years and over,532400.0,444300.0,599100.0,88100.0,887700.0,66700.0,60.0,67.5,11.1
2020-07-01,Alberta,Both sexes,15 years and over,2124400.0,1734500.0,2441400.0,389900.0,3509200.0,317000.0,60.5,69.6,13.0
2020-07-01,British Columbia,Both sexes,15 years and over,2475900.0,1933300.0,2775000.0,542600.0,4303400.0,299100.0,57.5,64.5,10.8
2020-07-01,Canada,Both sexes,15 years and over,17847600.0,14539700.0,20050900.0,3308000.0,31061500.0,2203300.0,57.5,64.6,11.0
2020-07-01,Manitoba,Both sexes,15 years and over,631800.0,508300.0,693000.0,123500.0,1047700.0,61200.0,60.3,66.1,8.8
2020-07-01,New Brunswick,Both sexes,15 years and over,355300.0,297400.0,396000.0,57800.0,647000.0,40700.0,54.9,61.2,10.3
2020-07-01,Newfoundland and Labrador,Both sexes,15 years and over,208000.0,173400.0,250900.0,34600.0,445500.0,42900.0,46.7,56.3,17.1
2020-07-01,Nova Scotia,Both sexes,15 years and over,439000.0,361500.0,493000.0,77400.0,814200.0,54000.0,53.9,60.6,11.0
2020-07-01,Ontario,Both sexes,15 years and over,6891800.0,5664900.0,7788800.0,1227000.0,12222400.0,897000.0,56.4,63.7,11.5
2020-07-01,Prince Edward Island,Both sexes,15 years and over,75900.0,62700.0,85800.0,13200.0,132600.0,9900.0,57.2,64.7,11.5
2020-07-01,Quebec,Both sexes,15 years and over,4097400.0,3349700.0,4522100.0,747700.0,7051800.0,424700.0,58.1,64.1,9.4
2020-07-01,Saskatchewan,Both sexes,15 years and over,548300.0,454000.0,605000.0,94300.0,887700.0,56700.0,61.8,68.2,9.4
2020-08-01,Alberta,Both sexes,15 years and over,2134300.0,1731900.0,2436700.0,402400.0,3512000.0,302400.0,60.8,69.4,12.4
2020-08-01,British Columbia,Both sexes,15 years and over,2492100.0,1935100.0,2792300.0,557100.0,4306900.0,300200.0,57.9,64.8,10.8
2020-08-01,Canada,Both sexes,15 years and over,18072900.0,14667700.0,20116200.0,3405200.0,31084800.0,2043300.0,58.1,64.7,10.2
2020-08-01,Manitoba,Both sexes,15 years and over,639100.0,514500.0,697000.0,124600.0,1048300.0,58000.0,61.0,66.5,8.3
2020-08-01,New Brunswick,Both sexes,15 years and over,356300.0,298200.0,393500.0,58100.0,647200.0,37200.0,55.1,60.8,9.5
2020-08-01,Newfoundland and Labrador,Both sexes,15 years and over,214100.0,175100.0,249400.0,39000.0,445500.0,35300.0,48.1,56.0,14.2
2020-08-01,Nova Scotia,Both sexes,15 years and over,442500.0,358600.0,491900.0,83900.0,814900.0,49500.0,54.3,60.4,10.1
2020-08-01,Ontario,Both sexes,15 years and over,7023900.0,5749800.0,7846700.0,1274000.0,12232200.0,822900.0,57.4,64.1,10.5
2020-08-01,Prince Edward Island,Both sexes,15 years and over,77500.0,64200.0,86100.0,13300.0,132700.0,8500.0,58.4,64.9,9.9
2020-08-01,Quebec,Both sexes,15 years and over,4145800.0,3389800.0,4526100.0,756000.0,7057100.0,380300.0,58.7,64.1,8.4
2020-08-01,Saskatchewan,Both sexes,15 years and over,547300.0,450600.0,596400.0,96800.0,887900.0,49100.0,61.6,67.2,8.2
2020-09-01,Alberta,Both sexes,15 years and over,2168400.0,1768200.0,2464600.0,400300.0,3515300.0,296200.0,61.7,70.1,12.0
2020-09-01,British Columbia,Both sexes,15 years and over,2562100.0,1980800.0,2807300.0,581300.0,4311400.0,245300.0,59.4,65.1,8.7
2020-09-01,Canada,Both sexes,15 years and over,18501400.0,15029300.0,20371700.0,3472200.0,31114500.0,1870200.0,59.5,65.5,9.2
2020-09-01,Manitoba,Both sexes,15 years and over,656800.0,523000.0,710300.0,133800.0,1048500.0,53600.0,62.6,67.7,7.5
2020-09-01,New Brunswick,Both sexes,15 years and over,355300.0,299500.0,400300.0,55800.0,647700.0,45000.0,54.9,61.8,11.2
2020-09-01,Newfoundland and Labrador,Both sexes,15 years and over,218600.0,183700.0,257600.00000000003,34900.0,445400.0,39000.0,49.1,57.8,15.1
2020-09-01,Nova Scotia,Both sexes,15 years and over,457200.0,368800.0,495200.0,88400.0,815800.0,38000.0,56.0,60.7,7.7
2020-09-01,Ontario,Both sexes,15 years and over,7206800.0,5927400.0,7975100.0,1279400.0,12245600.0,768300.0,58.9,65.1,9.6
2020-09-01,Prince Edward Island,Both sexes,15 years and over,77500.0,64300.0,86400.0,13200.0,132900.0,8900.0,58.3,65.0,10.3
2020-09-01,Quebec,Both sexes,15 years and over,4238100.0,3452800.0,4572300.0,785300.0,7064000.0,334200.0,60.0,64.7,7.3
2020-09-01,Saskatchewan,Both sexes,15 years and over,560800.0,460900.0,602600.0,99800.0,887900.0,41800.0,63.2,67.9,6.9
2020-10-01,Alberta,Both sexes,15 years and over,2193500.0,1769500.0,2472500.0,424000.0,3518700.0,279000.0,62.3,70.3,11.3
2020-10-01,British Columbia,Both sexes,15 years and over,2595100.0,1990700.0,2830800.0,604500.0,4314700.0,235600.0,60.1,65.6,8.3
2020-10-01,Canada,Both sexes,15 years and over,18566100.0,15007300.0,20409400.0,3558800.0,31138900.0,1843300.0,59.6,65.5,9.0
2020-10-01,Manitoba,Both sexes,15 years and over,651600.0,518000.0,702300.0,133600.0,1049000.0,50700.0,62.1,66.9,7.2
2020-10-01,New Brunswick,Both sexes,15 years and over,357900.0,302800.0,400300.0,55100.0,647800.0,42300.0,55.2,61.8,10.6
2020-10-01,Newfoundland and Labrador,Both sexes,15 years and over,224200.0,190700.0,259200.0,33500.0,445400.0,35000.0,50.3,58.2,13.5
2020-10-01,Nova Scotia,Both sexes,15 years and over,457400.0,371100.0,502000.0,86200.0,816500.0,44600.0,56.0,61.5,8.9
2020-10-01,Ontario,Both sexes,15 years and over,7246700.0,5915300.0,8006100.0,1331400.0,12256600.0,759400.0,59.1,65.3,9.5
2020-10-01,Prince Edward Island,Both sexes,15 years and over,77500.0,64800.0,86400.0,12700.0,132900.0,9000.0,58.3,65.0,10.4
2020-10-01,Quebec,Both sexes,15 years and over,4200800.0,3427600.0,4548000.0,773200.0,7069200.0,347200.0,59.4,64.3,7.6
2020-10-01,Saskatchewan,Both sexes,15 years and over,561400.0,456900.0,601700.0,104500.0,888000.0,40400.0,63.2,67.8,6.7
2020-11-01,Alberta,Both sexes,15 years and over,2188200.0,1749500.0,2457600.0,438800.0,3522100.0,269400.0,62.1,69.8,11.0
2020-11-01,British Columbia,Both sexes,15 years and over,2611700.0,2034000.0,2835300.0,577800.0,4317600.0,223600.0,60.5,65.7,7.9
2020-11-01,Canada,Both sexes,15 years and over,18602500.0,15147800.0,20366300.0,3454700.0,31161600.0,1763800.0,59.7,65.4,8.7
2020-11-01,Manitoba,Both sexes,15 years and over,634000.0,518100.0,687000.0,115900.0,1049300.0,53000.0,60.4,65.5,7.7
2020-11-01,New Brunswick,Both sexes,15 years and over,361600.0,308700.0,402000.0,52900.0,648100.0,40400.0,55.8,62.0,10.0
2020-11-01,Newfoundland and Labrador,Both sexes,15 years and over,226600.0,189700.0,261000.0,36900.0,445400.0,34400.0,50.9,58.6,13.2
2020-11-01,Nova Scotia,Both sexes,15 years and over,465400.0,380000.0,498800.0,85400.0,816900.0,33400.0,57.0,61.1,6.7
2020-11-01,Ontario,Both sexes,15 years and over,7274200.0,5989900.0,8005900.0,1284300.0,12267200.0,731700.0,59.3,65.3,9.1
2020-11-01,Prince Edward Island,Both sexes,15 years and over,77900.0,64400.00000000001,87500.0,13500.0,133000.0,9700.0,58.6,65.8,11.1
2020-11-01,Quebec,Both sexes,15 years and over,4205100.0,3455400.0,4530600.0,749600.0,7074200.0,325500.0,59.4,64.0,7.2
2020-11-01,Saskatchewan,Both sexes,15 years and over,557800.0,458000.0,600600.0,99700.0,888000.0,42800.0,62.8,67.6,7.1
2020-12-01,Alberta,Both sexes,15 years and over,2180300.0,1778200.0,2443900.0,402000.0,3524900.0,263700.0,61.9,69.3,10.8
2020-12-01,British Columbia,Both sexes,15 years and over,2613800.0,2065800.0,2829900.0,548000.0,4319200.0,216000.0,60.5,65.5,7.6
2020-12-01,Canada,Both sexes,15 years and over,18539800.0,15165800.0,20356900.0,3374000.0,31177400.0,1817100.0,59.5,65.3,8.9
2020-12-01,Manitoba,Both sexes,15 years and over,626300.0,513800.0,682800.0,112500.0,1049400.0,56500.0,59.7,65.1,8.3
2020-12-01,New Brunswick,Both sexes,15 years and over,362800.0,304700.0,402900.0,58200.0,648200.0,40100.0,56.0,62.2,10.0
2020-12-01,Newfoundland and Labrador,Both sexes,15 years and over,224800.0,187700.0,260100.00000000003,37100.0,445400.0,35300.0,50.5,58.4,13.6
2020-12-01,Nova Scotia,Both sexes,15 years and over,460100.0,379000.0,502700.0,81100.0,817000.0,42500.0,56.3,61.5,8.5
2020-12-01,Ontario,Both sexes,15 years and over,7253300.0,5966300.0,8058300.0,1287000.0,12274400.0,805100.0,59.1,65.7,10.0
2020-12-01,Prince Edward Island,Both sexes,15 years and over,77300.0,65700.0,86700.0,11600.0,133100.0,9400.0,58.1,65.1,10.8
2020-12-01,Quebec,Both sexes,15 years and over,4189900.0,3454700.0,4494300.0,735300.0,7077600.0,304400.0,59.2,63.5,6.8
2020-12-01,Saskatchewan,Both sexes,15 years and over,551100.0,449900.0,595200.0,101200.0,888100.0,44100.0,62.1,67.0,7.4
2021-01-01,Alberta,Both sexes,15 years and over,2199600.0,1793600.0,2452000.0,406000.0,3527700.0,252400.0,62.4,69.5,10.3
2021-01-01,British Columbia,Both sexes,15 years and over,2631000.0,2072400.0,2849200.0,558500.0,4320600.0,218200.0,60.9,65.9,7.7
2021-01-01,Canada,Both sexes,15 years and over,18353000.0,15172300.0,20223100.0,3180700.0,31191100.0,1870100.0,58.8,64.8,9.2
2021-01-01,Manitoba,Both sexes,15 years and over,631400.0,524100.0,686500.0,107200.0,1049400.0,55100.0,60.2,65.4,8.0
2021-01-01,New Brunswick,Both sexes,15 years and over,366000.0,305400.0,401800.0,60600.0,648300.0,35900.0,56.5,62.0,8.9
2021-01-01,Newfoundland and Labrador,Both sexes,15 years and over,228000.0,190600.0,261000.0,37400.0,445200.0,33000.0,51.2,58.6,12.6
2021-01-01,Nova Scotia,Both sexes,15 years and over,468200.0,383500.0,512400.0,84700.0,817200.0,44200.0,57.3,62.7,8.6
2021-01-01,Ontario,Both sexes,15 years and over,7086100.0,5949100.0,7894500.0,1137000.0,12280500.0,808400.0,57.7,64.3,10.2
2021-01-01,Prince Edward Island,Both sexes,15 years and over,77800.0,65400.00000000001,85300.0,12400.0,133100.0,7500.0,58.5,64.1,8.8
2021-01-01,Quebec,Both sexes,15 years and over,4109300.0,3434300.0,4482500.0,675000.0,7081000.0,373200.0,58.0,63.3,8.3
2021-01-01,Saskatchewan,Both sexes,15 years and over,555700.0,453900.0,597800.0,101800.0,888100.0,42100.0,62.6,67.3,7.0
2021-02-01,Alberta,Both sexes,15 years and over,2221800.0,1800800.0,2463100.0,421000.0,3531400.0,241300.0,62.9,69.7,9.8
2021-02-01,British Columbia,Both sexes,15 years and over,2646900.0,2058600.0,2853700.0,588400.0,4323300.0,206800.0,61.2,66.0,7.2
2021-02-01,Canada,Both sexes,15 years and over,18622500.0,15267100.0,20341900.0,3355500.0,31216300.0,1719400.0,59.7,65.2,8.5
2021-02-01,Manitoba,Both sexes,15 years and over,645400.0,526900.0,694600.0,118500.0,1050300.0,49200.0,61.4,66.1,7.1
2021-02-01,New Brunswick,Both sexes,15 years and over,362900.0,304100.0,400900.0,58800.0,648400.0,38000.0,56.0,61.8,9.5
2021-02-01,Newfoundland and Labrador,Both sexes,15 years and over,213900.0,179900.0,251400.0,34000.0,445100.0,37500.0,48.1,56.5,14.9
2021-02-01,Nova Scotia,Both sexes,15 years and over,470100.0,382400.0,513200.00000000006,87600.0,817400.0,43100.0,57.5,62.8,8.4
2021-02-01,Ontario,Both sexes,15 years and over,7207300.0,6006300.0,7966500.0,1201000.0,12292500.0,759200.0,58.6,64.8,9.5
2021-02-01,Prince Edward Island,Both sexes,15 years and over,77800.0,65300.0,86500.0,12500.0,133200.0,8700.0,58.4,64.9,10.1
2021-02-01,Quebec,Both sexes,15 years and over,4220100.0,3485900.0,4513700.0,734200.0,7085500.0,293600.0,59.6,63.7,6.5
2021-02-01,Saskatchewan,Both sexes,15 years and over,556300.0,456900.0,598400.0,99400.0,889100.0,42100.0,62.6,67.3,7.0
2021-03-01,Alberta,Both sexes,15 years and over,2257400.0,1819200.0,2482700.0,438300.0,3533500.0,225300.0,63.9,70.3,9.1
2021-03-01,British Columbia,Both sexes,15 years and over,2665300.0,2050600.0,2865400.0,614700.0,4326000.0,200100.0,61.6,66.2,7.0
2021-03-01,Canada,Both sexes,15 years and over,18875100.0,15413500.0,20434600.0,3461600.0,31234800.0,1559500.0,60.4,65.4,7.6
2021-03-01,Manitoba,Both sexes,15 years and over,649600.0,534000.0,698900.0,115500.0,1050800.0,49400.0,61.8,66.5,7.1
2021-03-01,New Brunswick,Both sexes,15 years and over,364100.0,303900.0,401600.0,60200.0,648600.0,37600.0,56.1,61.9,9.4
2021-03-01,Newfoundland and Labrador,Both sexes,15 years and over,222400.0,186600.0,255800.0,35800.0,445100.0,33400.0,50.0,57.5,13.1
2021-03-01,Nova Scotia,Both sexes,15 years and over,468500.0,382600.0,515400.0,85900.0,817700.0,46900.0,57.3,63.0,9.1
2021-03-01,Ontario,Both sexes,15 years and over,7375600.0,6104100.0,7989600.0,1271500.0,12301900.0,614000.0,60.0,64.9,7.7
2021-03-01,Prince Edward Island,Both sexes,15 years and over,79200.0,65800.0,86600.0,13400.0,133400.0,7400.0,59.4,64.9,8.5
2021-03-01,Quebec,Both sexes,15 years and over,4238300.0,3513700.0,4541500.0,724600.0,7088200.0,303200.0,59.8,64.1,6.7
2021-03-01,Saskatchewan,Both sexes,15 years and over,554700.0,453000.0,597100.0,101700.0,889500.0,42400.0,62.4,67.1,7.1
2021-04-01,Alberta,Both sexes,15 years and over,2238600.0,1825300.0,2455100.0,413300.0,3535300.0,216500.0,63.3,69.4,8.8
2021-04-01,British Columbia,Both sexes,15 years and over,2627700.0,2058700.0,2825600.0,569000.0,4329400.0,197900.0,60.7,65.3,7.0
2021-04-01,Canada,Both sexes,15 years and over,18678100.0,15328700.0,20337400.0,3349400.0,31252000.0,1659200.0,59.8,65.1,8.2
2021-04-01,Manitoba,Both sexes,15 years and over,657000.0,535100.0,708500.0,121900.0,1050900.0,51500.0,62.5,67.4,7.3
2021-04-01,New Brunswick,Both sexes,15 years and over,365600.0,308700.0,400200.0,57000.0,648900.0,34500.0,56.3,61.7,8.6
2021-04-01,Newfoundland and Labrador,Both sexes,15 years and over,223200.0,188200.0,257200.0,35000.0,445000.0,34000.0,50.2,57.8,13.2
2021-04-01,Nova Scotia,Both sexes,15 years and over,469700.0,382300.0,512200.00000000006,87500.0,818000.0,42400.0,57.4,62.6,8.3
2021-04-01,Ontario,Both sexes,15 years and over,7239100.0,6012000.0,7970100.0,1227200.0,12311400.0,731000.0,58.8,64.7,9.2
2021-04-01,Prince Edward Island,Both sexes,15 years and over,79400.0,66100.0,87700.0,13300.0,133500.0,8300.0,59.5,65.7,9.5
2021-04-01,Quebec,Both sexes,15 years and over,4217700.0,3502200.0,4521200.0,715500.0,7090100.0,303500.0,59.5,63.8,6.7
2021-04-01,Saskatchewan,Both sexes,15 years and over,560200.0,450300.0,599800.0,110000.0,889500.0,39600.0,63.0,67.4,6.6
2021-05-01,Alberta,Both sexes,15 years and over,2237300.0,1822800.0,2446200.0,414400.0,3536200.0,208900.0,63.3,69.2,8.5
2021-05-01,British Columbia,Both sexes,15 years and over,2631500.0,2078300.0,2831100.0,553200.0,4334600.0,199600.0,60.7,65.3,7.1
2021-05-01,Canada,Both sexes,15 years and over,18619400.0,15297100.0,20281200.0,3322300.0,31266100.0,1661800.0,59.6,64.9,8.2
2021-05-01,Manitoba,Both sexes,15 years and over,654200.0,535200.0,703200.0,119000.0,1050700.0,49000.0,62.3,66.9,7.0
2021-05-01,New Brunswick,Both sexes,15 years and over,364300.0,307100.0,400400.0,57200.0,649300.0,36000.0,56.1,61.7,9.0
2021-05-01,Newfoundland and Labrador,Both sexes,15 years and over,219700.0,183600.0,252700.0,36000.0,445000.0,33000.0,49.4,56.8,13.1
2021-05-01,Nova Scotia,Both sexes,15 years and over,447700.0,367500.0,499400.0,80300.0,818700.0,51600.0,54.7,61.0,10.3
2021-05-01,Ontario,Both sexes,15 years and over,7194400.0,5983800.0,7928900.0,1210600.0,12317200.0,734600.0,58.4,64.4,9.3
2021-05-01,Prince Edward Island,Both sexes,15 years and over,79400.0,66300.0,88300.0,13100.0,133600.0,9000.0,59.4,66.1,10.2
2021-05-01,Quebec,Both sexes,15 years and over,4228200.0,3500900.0,4529100.0,727300.0,7091400.0,300900.0,59.6,63.9,6.6
2021-05-01,Saskatchewan,Both sexes,15 years and over,562800.0,451600.0,602000.0,111200.0,889400.0,39200.0,63.3,67.7,6.5
2021-06-01,Alberta,Both sexes,15 years and over,2246300.0,1813400.0,2461500.0,432800.0,3537700.0,215300.0,63.5,69.6,8.7
2021-06-01,British Columbia,Both sexes,15 years and over,2663200.0,2059300.0,2854900.0,603900.0,4340500.0,191700.0,61.4,65.8,6.7
2021-06-01,Canada,Both sexes,15 years and over,18872900.0,15335500.0,20478700.0,3537400.0,31283500.0,1605800.0,60.3,65.5,7.8
2021-06-01,Manitoba,Both sexes,15 years and over,648800.0,531500.0,701200.0,117300.0,1050500.0,52300.0,61.8,66.7,7.5
2021-06-01,New Brunswick,Both sexes,15 years and over,360800.0,304600.0,399800.0,56200.0,649800.0,39000.0,55.5,61.5,9.8
2021-06-01,Newfoundland and Labrador,Both sexes,15 years and over,223700.0,188900.0,256300.0,34900.0,444900.0,32500.0,50.3,57.6,12.7
2021-06-01,Nova Scotia,Both sexes,15 years and over,464700.0,373800.0,509300.0,90900.0,819600.0,44500.0,56.7,62.1,8.7
2021-06-01,Ontario,Both sexes,15 years and over,7318100.0,6023200.0,8013300.0,1294900.0,12324000.0,695200.0,59.4,65.0,8.7
2021-06-01,Prince Edward Island,Both sexes,15 years and over,78400.0,64900.00000000001,89300.0,13500.0,133700.0,10900.0,58.6,66.8,12.2
2021-06-01,Quebec,Both sexes,15 years and over,4306400.0,3521300.0,4589400.0,785200.0,7093700.0,283000.0,60.7,64.7,6.2
2021-06-01,Saskatchewan,Both sexes,15 years and over,562400.0,454500.0,603800.0,107800.0,889100.0,41400.0,63.3,67.9,6.9
2021-07-01,Alberta,Both sexes,15 years and over,2247400.0,1805800.0,2456100.0,441600.0,3540800.0,208700.0,63.5,69.4,8.5
2021-07-01,British Columbia,Both sexes,15 years and over,2669300.0,2071100.0,2853300.0,598100.0,4347500.0,184000.0,61.4,65.6,6.4
2021-07-01,Canada,Both sexes,15 years and over,18982000.0,15395200.0,20515700.0,3586800.0,31315400.0,1533700.0,60.6,65.5,7.5
2021-07-01,Manitoba,Both sexes,15 years and over,658700.0,535800.0,702100.0,122900.0,1051400.0,43500.0,62.6,66.8,6.2
2021-07-01,New Brunswick,Both sexes,15 years and over,362700.0,307600.0,400400.0,55100.0,650300.0,37600.0,55.8,61.6,9.4
2021-07-01,Newfoundland and Labrador,Both sexes,15 years and over,224000.0,191000.0,257300.0,33000.0,445000.0,33200.0,50.3,57.8,12.9
2021-07-01,Nova Scotia,Both sexes,15 years and over,468400.0,378800.0,512400.0,89500.0,820500.0,44000.0,57.1,62.4,8.6
2021-07-01,Ontario,Both sexes,15 years and over,7427500.0,6080900.0,8069900.0,1346600.0,12338800.0,642300.0,60.2,65.4,8.0
2021-07-01,Prince Edward Island,Both sexes,15 years and over,79800.0,66900.0,89700.0,12900.0,133900.0,9900.0,59.6,67.0,11.0
2021-07-01,Quebec,Both sexes,15 years and over,4286100.0,3503400.0,4574600.0,782700.0,7097900.0,288500.0,60.4,64.5,6.3
2021-07-01,Saskatchewan,Both sexes,15 years and over,558100.0,453600.0,600100.0,104500.0,889500.0,42000.0,62.7,67.5,7.0
2021-08-01,Alberta,Both sexes,15 years and over,2272400.0,1842700.0,2468700.0,429800.0,3545300.0,196300.0,64.1,69.6,8.0
2021-08-01,British Columbia,Both sexes,15 years and over,2678600.0,2091900.0,2860300.0,586700.0,4357700.0,181600.0,61.5,65.6,6.3
2021-08-01,Canada,Both sexes,15 years and over,19052400.0,15448100.0,20531200.0,3604300.0,31356800.0,1478800.0,60.8,65.5,7.2
2021-08-01,Manitoba,Both sexes,15 years and over,655200.0,537400.0,697200.0,117800.0,1052300.0,42000.0,62.3,66.3,6.0
2021-08-01,New Brunswick,Both sexes,15 years and over,358600.0,304800.0,397100.0,53800.0,651200.0,38500.0,55.1,61.0,9.7
2021-08-01,Newfoundland and Labrador,Both sexes,15 years and over,223400.0,188200.0,257100.00000000003,35200.0,445200.0,33700.0,50.2,57.7,13.1
2021-08-01,Nova Scotia,Both sexes,15 years and over,469700.0,378700.0,512200.00000000006,91000.0,822300.0,42500.0,57.1,62.3,8.3
2021-08-01,Ontario,Both sexes,15 years and over,7450700.0,6047500.0,8083500.0,1403200.0,12354700.0,632800.0,60.3,65.4,7.8
2021-08-01,Prince Edward Island,Both sexes,15 years and over,80000.0,67600.0,89300.0,12400.0,134700.0,9300.0,59.4,66.3,10.4
2021-08-01,Quebec,Both sexes,15 years and over,4296900.0,3529700.0,4557500.0,767100.0,7103400.0,260600.00000000003,60.5,64.2,5.7
2021-08-01,Saskatchewan,Both sexes,15 years and over,566800.0,459600.0,608300.0,107200.0,889900.0,41500.0,63.7,68.4,6.8
2021-09-01,Alberta,Both sexes,15 years and over,2297300.0,1866900.0,2493500.0,430400.0,3550200.0,196200.0,64.7,70.2,7.9
2021-09-01,British Columbia,Both sexes,15 years and over,2685900.0,2098700.0,2863100.0,587200.0,4367100.0,177200.0,61.5,65.6,6.2
2021-09-01,Canada,Both sexes,15 years and over,19218600.0,15644400.0,20686500.0,3574200.0,31391600.0,1467800.0,61.2,65.9,7.1
2021-09-01,Manitoba,Both sexes,15 years and over,667100.0,542300.0,707700.0,124800.0,1052400.0,40500.0,63.4,67.2,5.7
2021-09-01,New Brunswick,Both sexes,15 years and over,362700.0,307700.0,401400.0,55000.0,652300.0,38700.0,55.6,61.5,9.6
2021-09-01,Newfoundland and Labrador,Both sexes,15 years and over,221800.0,190300.0,258000.0,31500.0,445400.0,36100.0,49.8,57.9,14.0
2021-09-01,Nova Scotia,Both sexes,15 years and over,472700.0,381800.0,514200.00000000006,90900.0,824100.0,41500.0,57.4,62.4,8.1
2021-09-01,Ontario,Both sexes,15 years and over,7541700.0,6178400.0,8156700.0,1363300.0,12367700.0,615000.0,61.0,66.0,7.5
2021-09-01,Prince Edward Island,Both sexes,15 years and over,80300.0,68300.0,90100.0,12000.0,135200.0,9700.0,59.4,66.6,10.8
2021-09-01,Quebec,Both sexes,15 years and over,4321300.0,3548800.0,4595100.0,772500.0,7107400.0,273800.0,60.8,64.7,6.0
2021-09-01,Saskatchewan,Both sexes,15 years and over,567700.0,461200.0,606900.0,106600.0,889900.0,39100.0,63.8,68.2,6.4
2021-10-01,Alberta,Both sexes,15 years and over,2286300.0,1874100.0,2476200.0,412200.0,3556000.0,189900.0,64.3,69.6,7.7
2021-10-01,British Columbia,Both sexes,15 years and over,2685100.0,2111500.0,2848100.0,573600.0,4375600.0,163000.0,61.4,65.1,5.7
2021-10-01,Canada,Both sexes,15 years and over,19255100.0,15666800.0,20605000.0,3588300.0,31430000.0,1349900.0,61.3,65.6,6.6
2021-10-01,Manitoba,Both sexes,15 years and over,667800.0,540400.0,703900.0,127400.0,1052800.0,36100.0,63.4,66.9,5.1
2021-10-01,New Brunswick,Both sexes,15 years and over,365100.0,311400.0,402800.0,53700.0,653200.0,37700.0,55.9,61.7,9.4
2021-10-01,Newfoundland and Labrador,Both sexes,15 years and over,221700.0,190500.0,257100.00000000003,31200.0,445500.0,35400.0,49.8,57.7,13.8
2021-10-01,Nova Scotia,Both sexes,15 years and over,471900.0,378800.0,513700.00000000006,93100.0,825400.0,41800.0,57.2,62.2,8.1
2021-10-01,Ontario,Both sexes,15 years and over,7576800.0,6182600.0,8135100.0,1394200.0,12383800.0,558300.0,61.2,65.7,6.9
2021-10-01,Prince Edward Island,Both sexes,15 years and over,80900.0,68800.0,89200.0,12000.0,135600.0,8300.0,59.7,65.8,9.3
2021-10-01,Quebec,Both sexes,15 years and over,4334700.0,3548600.0,4578200.0,786100.0,7112100.0,243400.0,60.9,64.4,5.3
2021-10-01,Saskatchewan,Both sexes,15 years and over,564800.0,460000.0,600800.0,104800.0,890000.0,36000.0,63.5,67.5,6.0
2021-11-01,Alberta,Both sexes,15 years and over,2300000.0,1877400.0,2482800.0,422600.0,3562000.0,182800.0,64.6,69.7,7.4
2021-11-01,British Columbia,Both sexes,15 years and over,2703700.0,2109200.0,2866200.0,594500.0,4383800.0,162500.0,61.7,65.4,5.7
2021-11-01,Canada,Both sexes,15 years and over,19394300.0,15751800.0,20669300.0,3642600.0,31466200.0,1274900.0,61.6,65.7,6.2
2021-11-01,Manitoba,Both sexes,15 years and over,668300.0,541100.0,704600.0,127200.0,1053200.0,36200.0,63.5,66.9,5.1
2021-11-01,New Brunswick,Both sexes,15 years and over,367400.0,313300.0,402100.0,54200.0,653900.0,34600.0,56.2,61.5,8.6
2021-11-01,Newfoundland and Labrador,Both sexes,15 years and over,227000.0,196600.0,255000.0,30400.0,445700.0,28000.0,50.9,57.2,11.0
2021-11-01,Nova Scotia,Both sexes,15 years and over,472000.0,386600.0,516900.0,85400.0,826600.0,44900.0,57.1,62.5,8.7
2021-11-01,Ontario,Both sexes,15 years and over,7634100.0,6235200.0,8171700.0,1399000.0,12399200.0,537600.0,61.6,65.9,6.6
2021-11-01,Prince Edward Island,Both sexes,15 years and over,82800.0,69300.0,91200.0,13600.0,135900.0,8400.0,60.9,67.1,9.2
2021-11-01,Quebec,Both sexes,15 years and over,4374800.0,3558600.0,4582100.0,816200.0,7115900.0,207300.0,61.5,64.4,4.5
2021-11-01,Saskatchewan,Both sexes,15 years and over,564000.0,464500.0,596600.0,99500.0,890100.0,32700.000000000004,63.4,67.0,5.5
2021-12-01,Alberta,Both sexes,15 years and over,2327200.0,1899300.0,2500400.0,427900.0,3568100.0,173200.0,65.2,70.1,6.9
2021-12-01,British Columbia,Both sexes,15 years and over,2696800.0,2126800.0,2847100.0,570000.0,4391300.0,150300.0,61.4,64.8,5.3
2021-12-01,Canada,Both sexes,15 years and over,19473200.0,15869200.0,20708900.0,3604000.0,31510100.0,1235700.0,61.8,65.7,6.0
2021-12-01,Manitoba,Both sexes,15 years and over,671200.0,540600.0,707200.0,130600.0,1054300.0,36000.0,63.7,67.1,5.1
2021-12-01,New Brunswick,Both sexes,15 years and over,365800.0,313600.0,396600.0,52200.0,654900.0,30900.0,55.9,60.6,7.8
2021-12-01,Newfoundland and Labrador,Both sexes,15 years and over,225500.0,194800.0,257300.0,30700.0,446000.0,31900.0,50.6,57.7,12.4
2021-12-01,Nova Scotia,Both sexes,15 years and over,474100.0,390000.0,512600.0,84000.0,828400.0,38600.0,57.2,61.9,7.5
2021-12-01,Ontario,Both sexes,15 years and over,7687300.0,6287200.0,8209200.000000001,1400100.0,12419900.0,521900.0,61.9,66.1,6.4
2021-12-01,Prince Edward Island,Both sexes,15 years and over,83700.0,68700.0,91600.0,15100.0,136400.0,7800.0,61.4,67.2,8.5
2021-12-01,Quebec,Both sexes,15 years and over,4371600.0,3579000.0,4583200.0,792700.0,7119900.0,211500.0,61.4,64.4,4.6
2021-12-01,Saskatchewan,Both sexes,15 years and over,570100.0,469400.0,603700.0,100700.0,890900.0,33600.0,64.0,67.8,5.6
2022-01-01,Alberta,Both sexes,15 years and over,2330300.0,1885400.0,2501300.0,444900.0,3573900.0,171000.0,65.2,70.0,6.8
2022-01-01,British Columbia,Both sexes,15 years and over,2709900.0,2124700.0,2856300.0,585200.0,4396300.0,146400.0,61.6,65.0,5.1
2022-01-01,Canada,Both sexes,15 years and over,19286000.0,15845500.0,20624000.0,3440500.0,31546700.0,1338000.0,61.1,65.4,6.5
2022-01-01,Manitoba,Both sexes,15 years and over,674700.0,550900.0,708900.0,123800.0,1055700.0,34200.0,63.9,67.1,4.8
2022-01-01,New Brunswick,Both sexes,15 years and over,361000.0,311800.0,394900.0,49200.0,656300.0,34000.0,55.0,60.2,8.6
2022-01-01,Newfoundland and Labrador,Both sexes,15 years and over,223500.0,195400.0,260500.0,28100.0,446400.0,37000.0,50.1,58.4,14.2
2022-01-01,Nova Scotia,Both sexes,15 years and over,476800.0,400500.0,511600.0,76300.0,830000.0,34800.0,57.4,61.6,6.8
2022-01-01,Ontario,Both sexes,15 years and over,7538500.0,6264600.0,8145700.0,1274000.0,12436100.0,607200.0,60.6,65.5,7.5
2022-01-01,Prince Edward Island,Both sexes,15 years and over,81500.0,69100.0,90400.0,12400.0,136800.0,8900.0,59.6,66.1,9.8
2022-01-01,Quebec,Both sexes,15 years and over,4315000.0,3565200.0,4545600.0,749800.0,7123500.0,230600.0,60.6,63.8,5.1
2022-01-01,Saskatchewan,Both sexes,15 years and over,574800.0,477900.0,608600.0,96900.0,891800.0,33900.0,64.5,68.2,5.6
2022-02-01,Alberta,Both sexes,15 years and over,2354400.0,1897500.0,2515800.0,456900.0,3580200.0,161400.0,65.8,70.3,6.4
2022-02-01,British Columbia,Both sexes,15 years and over,2742100.0,2177100.0,2878800.0,565000.0,4403500.0,136700.0,62.3,65.4,4.7
2022-02-01,Canada,Both sexes,15 years and over,19643800.0,16023100.0,20769700.0,3620700.0,31588800.0,1125900.0,62.2,65.8,5.4
2022-02-01,Manitoba,Both sexes,15 years and over,680200.0,546300.0,711900.0,133900.0,1057100.0,31700.0,64.3,67.3,4.5
2022-02-01,New Brunswick,Both sexes,15 years and over,366500.0,314400.0,396100.0,52200.0,657600.0,29600.0,55.7,60.2,7.5
2022-02-01,Newfoundland and Labrador,Both sexes,15 years and over,232600.0,197800.0,266300.0,34800.0,446700.0,33700.0,52.1,59.6,12.7
2022-02-01,Nova Scotia,Both sexes,15 years and over,481400.0,397400.0,514000.0,84000.0,831600.0,32600.0,57.9,61.8,6.3
2022-02-01,Ontario,Both sexes,15 years and over,7721300.0,6334000.0,8183700.0,1387400.0,12454900.0,462400.0,62.0,65.7,5.7
2022-02-01,Prince Edward Island,Both sexes,15 years and over,83500.0,71300.0,92400.0,12200.0,137200.0,8900.0,60.9,67.3,9.6
2022-02-01,Quebec,Both sexes,15 years and over,4398200.0,3611900.0,4598800.0,786200.0,7127000.0,200600.0,61.7,64.5,4.4
2022-02-01,Saskatchewan,Both sexes,15 years and over,583500.0,475400.0,611800.0,108100.0,893000.0,28300.0,65.3,68.5,4.6
2022-03-01,Alberta,Both sexes,15 years and over,2350300.0,1896900.0,2506000.0,453400.0,3586600.0,155700.0,65.5,69.9,6.2
2022-03-01,British Columbia,Both sexes,15 years and over,2737000.0,2164200.0,2879100.0,572700.0,4409800.0,142200.0,62.1,65.3,4.9
2022-03-01,Canada,Both sexes,15 years and over,19663300.0,16022400.0,20759500.0,3640900.0,31626800.0,1096300.0,62.2,65.6,5.3
2022-03-01,Manitoba,Both sexes,15 years and over,673900.0,539400.0,707100.0,134500.0,1058900.0,33300.0,63.6,66.8,4.7
2022-03-01,New Brunswick,Both sexes,15 years and over,369500.0,317400.0,397900.0,52100.0,658700.0,28500.0,56.1,60.4,7.2
2022-03-01,Newfoundland and Labrador,Both sexes,15 years and over,229700.0,198300.0,265100.0,31400.0,447000.0,35400.0,51.4,59.3,13.4
2022-03-01,Nova Scotia,Both sexes,15 years and over,478500.0,397100.0,514300.0,81500.0,833200.0,35800.0,57.4,61.7,7.0
2022-03-01,Ontario,Both sexes,15 years and over,7750000.0,6352700.0,8185700.0,1397400.0,12469200.0,435700.0,62.2,65.6,5.3
2022-03-01,Prince Edward Island,Both sexes,15 years and over,84400.0,70900.0,92300.0,13500.0,137600.0,7900.0,61.3,67.1,8.6
2022-03-01,Quebec,Both sexes,15 years and over,4411600.0,3611300.0,4602900.0,800300.0,7131700.0,191300.0,61.9,64.5,4.2
2022-03-01,Saskatchewan,Both sexes,15 years and over,578500.0,474300.0,609000.0,104100.0,894200.0,30600.0,64.7,68.1,5.0
2022-04-01,Alberta,Both sexes,15 years and over,2366400.0,1916600.0,2520300.0,449700.0,3593300.0,154000.0,65.9,70.1,6.1
2022-04-01,British Columbia,Both sexes,15 years and over,2744300.0,2165800.0,2883600.0,578600.0,4415100.0,139300.0,62.2,65.3,4.8
2022-04-01,Canada,Both sexes,15 years and over,19716200.0,16039100.0,20811900.0,3677100.0,31662900.0,1095700.0,62.3,65.7,5.3
2022-04-01,Manitoba,Both sexes,15 years and over,674000.0,542000.0,708000.0,132100.0,1060400.0,33900.0,63.6,66.8,4.8
2022-04-01,New Brunswick,Both sexes,15 years and over,374700.0,322100.0,400400.0,52600.0,659700.0,25600.0,56.8,60.7,6.4
2022-04-01,Newfoundland and Labrador,Both sexes,15 years and over,230200.0,194200.0,260500.0,35900.0,447200.0,30400.0,51.5,58.3,11.7
2022-04-01,Nova Scotia,Both sexes,15 years and over,487600.0,400800.0,518900.0,86800.0,834600.0,31300.0,58.4,62.2,6.0
2022-04-01,Ontario,Both sexes,15 years and over,7780900.0,6353200.0,8225100.0,1427600.0,12482000.0,444300.0,62.3,65.9,5.4
2022-04-01,Prince Edward Island,Both sexes,15 years and over,84500.0,71400.0,91700.0,13100.0,138100.0,7300.0,61.2,66.4,8.0
2022-04-01,Quebec,Both sexes,15 years and over,4392200.0,3594100.0,4588400.0,798100.0,7136700.0,196200.0,61.5,64.3,4.3
2022-04-01,Saskatchewan,Both sexes,15 years and over,581500.0,478900.0,614900.0,102600.0,895700.0,33400.0,64.9,68.7,5.4
2022-05-01,Alberta,Both sexes,15 years and over,2380400.0,1961100.0,2525500.0,419200.0,3601700.0,145100.0,66.1,70.1,5.7
2022-05-01,British Columbia,Both sexes,15 years and over,2753000.0,2189600.0,2878000.0,563300.0,4421100.0,125100.0,62.3,65.1,4.3
2022-05-01,Canada,Both sexes,15 years and over,19747900.0,16163200.0,20823400.0,3584700.0,31705700.0,1075500.0,62.3,65.7,5.2
2022-05-01,Manitoba,Both sexes,15 years and over,676000.0,543900.0,707400.0,132000.0,1061800.0,31400.0,63.7,66.6,4.4
2022-05-01,New Brunswick,Both sexes,15 years and over,373000.0,319800.0,400800.0,53100.0,661300.0,27800.0,56.4,60.6,6.9
2022-05-01,Newfoundland and Labrador,Both sexes,15 years and over,234500.0,195600.0,261500.0,38900.0,447700.0,27000.0,52.4,58.4,10.3
2022-05-01,Nova Scotia,Both sexes,15 years and over,484400.0,399800.0,519900.0,84600.0,836800.0,35500.0,57.9,62.1,6.8
2022-05-01,Ontario,Both sexes,15 years and over,7764100.0,6362500.0,8211500.0,1401600.0,12495600.0,447400.0,62.1,65.7,5.4
2022-05-01,Prince Edward Island,Both sexes,15 years and over,85600.0,72100.0,92600.0,13500.0,138700.0,6900.0,61.7,66.8,7.5
2022-05-01,Quebec,Both sexes,15 years and over,4412600.0,3637900.0,4613600.0,774700.0,7143900.0,201000.0,61.8,64.6,4.4
2022-05-01,Saskatchewan,Both sexes,15 years and over,584400.0,480700.0,612600.0,103700.0,897200.0,28200.0,65.1,68.3,4.6
2022-06-01,Alberta,Both sexes,15 years and over,2390800.0,1949700.0,2521500.0,441100.0,3609000.0,130700.0,66.2,69.9,5.2
2022-06-01,British Columbia,Both sexes,15 years and over,2748500.0,2190200.0,2882800.0,558300.0,4426200.0,134300.0,62.1,65.1,4.7
2022-06-01,Canada,Both sexes,15 years and over,19702800.0,16148800.0,20728800.0,3554000.0,31745300.0,1026000.0,62.1,65.3,4.9
2022-06-01,Manitoba,Both sexes,15 years and over,678300.0,547600.0,706400.0,130600.0,1063200.0,28200.0,63.8,66.4,4.0
2022-06-01,New Brunswick,Both sexes,15 years and over,374000.0,320700.0,398700.0,53300.0,662600.0,24700.0,56.4,60.2,6.2
2022-06-01,Newfoundland and Labrador,Both sexes,15 years and over,233800.0,195300.0,259100.00000000003,38400.0,448100.0,25400.0,52.2,57.8,9.8
2022-06-01,Nova Scotia,Both sexes,15 years and over,486100.0,400000.0,519500.0,86100.0,838600.0,33400.0,58.0,61.9,6.4
2022-06-01,Ontario,Both sexes,15 years and over,7738300.0,6400200.0,8159400.0,1338000.0,12508500.0,421100.0,61.9,65.2,5.2
2022-06-01,Prince Edward Island,Both sexes,15 years and over,86100.0,72200.0,91600.0,13900.0,139200.0,5500.0,61.9,65.8,6.0
2022-06-01,Quebec,Both sexes,15 years and over,4380600.0,3591400.0,4579900.0,789200.0,7151200.0,199300.0,61.3,64.0,4.4
2022-06-01,Saskatchewan,Both sexes,15 years and over,586300.0,481400.0,609800.0,104900.0,898700.0,23500.0,65.2,67.9,3.9
2022-07-01,Alberta,Both sexes,15 years and over,2386600.0,1958800.0,2511600.0,427800.0,3616800.0,125100.0,66.0,69.4,5.0
2022-07-01,British Columbia,Both sexes,15 years and over,2753800.0,2199700.0,2884500.0,554100.0,4430200.0,130700.0,62.2,65.1,4.5
2022-07-01,Canada,Both sexes,15 years and over,19731100.0,16190400.0,20742600.0,3540700.0,31782400.0,1011500.0,62.1,65.3,4.9
2022-07-01,Manitoba,Both sexes,15 years and over,676900.0,549200.0,704700.0,127600.0,1064400.0,27900.0,63.6,66.2,4.0
2022-07-01,New Brunswick,Both sexes,15 years and over,374800.0,326700.0,404500.0,48100.0,664300.0,29800.0,56.4,60.9,7.4
2022-07-01,Newfoundland and Labrador,Both sexes,15 years and over,233200.0,198500.0,259800.0,34700.0,448600.0,26600.0,52.0,57.9,10.2
2022-07-01,Nova Scotia,Both sexes,15 years and over,483400.0,398600.0,517200.00000000006,84800.0,841000.0,33900.0,57.5,61.5,6.6
2022-07-01,Ontario,Both sexes,15 years and over,7766900.0,6401900.0,8183400.0,1365000.0,12519300.0,416500.0,62.0,65.4,5.1
2022-07-01,Prince Edward Island,Both sexes,15 years and over,84600.0,71400.0,90300.0,13200.0,139700.0,5700.0,60.6,64.6,6.3
2022-07-01,Quebec,Both sexes,15 years and over,4389400.0,3604900.0,4580100.0,784500.0,7157800.0,190700.0,61.3,64.0,4.2
2022-07-01,Saskatchewan,Both sexes,15 years and over,581700.0,480700.0,606500.0,101000.0,900400.0,24800.0,64.6,67.4,4.1
2022-08-01,Alberta,Both sexes,15 years and over,2388000.0,1955600.0,2527700.0,432400.0,3627700.0,139600.0,65.8,69.7,5.5
2022-08-01,British Columbia,Both sexes,15 years and over,2746500.0,2181300.0,2877100.0,565200.0,4435000.0,130600.0,61.9,64.9,4.5
2022-08-01,Canada,Both sexes,15 years and over,19706300.0,16120400.0,20810100.0,3586000.0,31831900.0,1103800.0,61.9,65.4,5.3
2022-08-01,Manitoba,Both sexes,15 years and over,669500.0,549300.0,707600.0,120200.0,1065900.0,38000.0,62.8,66.4,5.4
2022-08-01,New Brunswick,Both sexes,15 years and over,377700.0,326600.0,407400.0,51100.0,666600.0,29700.0,56.7,61.1,7.3
2022-08-01,Newfoundland and Labrador,Both sexes,15 years and over,234100.0,198700.0,262000.0,35400.0,449100.0,27900.0,52.1,58.3,10.6
2022-08-01,Nova Scotia,Both sexes,15 years and over,483200.0,403900.0,524300.0,79400.0,844000.0,41100.0,57.3,62.1,7.8
2022-08-01,Ontario,Both sexes,15 years and over,7734300.0,6373300.0,8195400.0,1361000.0,12535100.0,461100.0,61.7,65.4,5.6
2022-08-01,Prince Edward Island,Both sexes,15 years and over,85100.0,71300.0,91500.0,13800.0,140100.0,6400.0,60.7,65.3,7.0
2022-08-01,Quebec,Both sexes,15 years and over,4406100.0,3582400.0,4607100.0,823700.0,7165700.0,201000.0,61.5,64.3,4.4
2022-08-01,Saskatchewan,Both sexes,15 years and over,581600.0,478000.0,610000.0,103600.0,902600.0,28300.0,64.4,67.6,4.6
2022-09-01,Alberta,Both sexes,15 years and over,2382100.0,1943300.0,2519100.0,438800.0,3637700.0,137000.0,65.5,69.2,5.4
2022-09-01,British Columbia,Both sexes,15 years and over,2766000.0,2185100.0,2890300.0,580900.0,4438300.0,124300.0,62.3,65.1,4.3
2022-09-01,Canada,Both sexes,15 years and over,19718100.0,16133200.0,20791300.0,3584900.0,31875600.0,1073200.0,61.9,65.2,5.2
2022-09-01,Manitoba,Both sexes,15 years and over,678300.0,552700.0,711100.0,125600.0,1067300.0,32800.0,63.6,66.6,4.6
2022-09-01,New Brunswick,Both sexes,15 years and over,378300.0,324600.0,405400.0,53700.0,668500.0,27100.0,56.6,60.6,6.7
2022-09-01,Newfoundland and Labrador,Both sexes,15 years and over,233700.0,197100.0,259600.00000000003,36700.0,449500.0,25900.0,52.0,57.8,10.0
2022-09-01,Nova Scotia,Both sexes,15 years and over,485800.0,399200.0,518400.0,86600.0,846200.0,32600.0,57.4,61.3,6.3
2022-09-01,Ontario,Both sexes,15 years and over,7714900.0,6396500.0,8170800.0,1318400.0,12549800.0,455900.0,61.5,65.1,5.6
2022-09-01,Prince Edward Island,Both sexes,15 years and over,82500.0,68400.0,89700.0,14000.0,140400.0,7200.0,58.8,63.9,8.0
2022-09-01,Quebec,Both sexes,15 years and over,4417800.0,3592900.0,4622400.0,824900.0,7173500.0,204600.0,61.6,64.4,4.4
2022-09-01,Saskatchewan,Both sexes,15 years and over,578700.0,473300.0,604500.0,105400.0,904400.0,25800.0,64.0,66.8,4.3
2022-10-01,Alberta,Both sexes,15 years and over,2395000.0,1957300.0,2530700.0,437700.0,3648800.0,135700.0,65.6,69.4,5.4
2022-10-01,British Columbia,Both sexes,15 years and over,2759800.0,2178300.0,2891600.0,581500.0,4442800.0,131800.0,62.1,65.1,4.6
2022-10-01,Canada,Both sexes,15 years and over,19786400.0,16154200.0,20872200.0,3632200.0,31927000.0,1085800.0,62.0,65.4,5.2
2022-10-01,Manitoba,Both sexes,15 years and over,683000.0,560300.0,716900.0,122700.0,1069100.0,33900.0,63.9,67.1,4.7
2022-10-01,New Brunswick,Both sexes,15 years and over,378800.0,323800.0,409200.0,55000.0,670000.0,30300.0,56.5,61.1,7.4
2022-10-01,Newfoundland and Labrador,Both sexes,15 years and over,233700.0,194900.0,261700.0,38800.0,449900.0,28000.0,51.9,58.2,10.7
2022-10-01,Nova Scotia,Both sexes,15 years and over,486800.0,406100.0,523000.0,80600.0,848000.0,36200.0,57.4,61.7,6.9
2022-10-01,Ontario,Both sexes,15 years and over,7745300.0,6355500.0,8212000.0,1389800.0,12569700.0,466700.0,61.6,65.3,5.7
2022-10-01,Prince Edward Island,Both sexes,15 years and over,85800.0,72800.0,91500.0,13000.0,140700.0,5600.0,61.0,65.0,6.1
2022-10-01,Quebec,Both sexes,15 years and over,4435100.0,3626500.0,4622500.0,808600.0,7181600.0,187400.0,61.8,64.4,4.1
2022-10-01,Saskatchewan,Both sexes,15 years and over,583000.0,478600.0,613300.0,104500.0,906400.0,30300.0,64.3,67.7,4.9
2022-11-01,Alberta,Both sexes,15 years and over,2397100.0,1951700.0,2542100.0,445300.0,3657100.0,145000.0,65.5,69.5,5.7
2022-11-01,British Columbia,Both sexes,15 years and over,2755100.0,2186400.0,2881100.0,568800.0,4444700.0,125900.0,62.0,64.8,4.4
2022-11-01,Canada,Both sexes,15 years and over,19813100.0,16245000.0,20881300.0,3568100.0,31964300.0,1068200.0,62.0,65.3,5.1
2022-11-01,Manitoba,Both sexes,15 years and over,682200.0,564000.0,712300.0,118200.0,1070100.0,30100.0,63.8,66.6,4.2
2022-11-01,New Brunswick,Both sexes,15 years and over,376300.0,318900.0,405500.0,57400.0,671400.0,29200.0,56.0,60.4,7.2
2022-11-01,Newfoundland and Labrador,Both sexes,15 years and over,234100.0,198600.0,261200.0,35400.0,450300.0,27200.0,52.0,58.0,10.4
2022-11-01,Nova Scotia,Both sexes,15 years and over,492000.0,409400.0,521800.0,82500.0,849100.0,29800.0,57.9,61.5,5.7
2022-11-01,Ontario,Both sexes,15 years and over,7750500.0,6428300.0,8218700.000000001,1322100.0,12585000.0,468200.0,61.6,65.3,5.7
2022-11-01,Prince Edward Island,Both sexes,15 years and over,82800.0,70700.0,89400.0,12100.0,140800.0,6600.0,58.8,63.5,7.4
2022-11-01,Quebec,Both sexes,15 years and over,4459400.0,3642600.0,4638300.0,816800.0,7187500.0,178900.0,62.0,64.5,3.9
2022-11-01,Saskatchewan,Both sexes,15 years and over,583700.0,474400.0,610900.0,109300.0,908100.0,27200.0,64.3,67.3,4.5
2022-12-01,Alberta,Both sexes,15 years and over,2409000.0,1970600.0,2552400.0,438500.0,3666200.0,143300.0,65.7,69.6,5.6
2022-12-01,British Columbia,Both sexes,15 years and over,2763000.0,2194000.0,2881800.0,569000.0,4448100.0,118800.0,62.1,64.8,4.1
2022-12-01,Canada,Both sexes,15 years and over,19882300.0,16315900.0,20925800.0,3566400.0,32007300.0,1043400.0,62.1,65.4,5.0
2022-12-01,Manitoba,Both sexes,15 years and over,682400.0,560200.0,713300.0,122100.0,1071600.0,31000.0,63.7,66.6,4.3
2022-12-01,New Brunswick,Both sexes,15 years and over,379100.0,320700.0,411200.0,58500.0,672500.0,32100.0,56.4,61.1,7.8
2022-12-01,Newfoundland and Labrador,Both sexes,15 years and over,236800.0,200500.0,263300.0,36200.0,450800.0,26500.0,52.5,58.4,10.1
2022-12-01,Nova Scotia,Both sexes,15 years and over,492200.0,409300.0,524600.0,82900.0,850100.0,32400.0,57.9,61.7,6.2
2022-12-01,Ontario,Both sexes,15 years and over,7786900.0,6449800.0,8225400.0,1337100.0,12601700.0,438600.0,61.8,65.3,5.3
2022-12-01,Prince Edward Island,Both sexes,15 years and over,84300.0,70600.0,89400.0,13700.0,141000.0,5100.0,59.8,63.4,5.7
2022-12-01,Quebec,Both sexes,15 years and over,4464200.0,3666300.0,4652900.0,798000.0,7195200.0,188600.0,62.0,64.7,4.1
2022-12-01,Saskatchewan,Both sexes,15 years and over,584500.0,473900.0,611400.0,110500.0,910100.0,26900.0,64.2,67.2,4.4
2023-01-01,Alberta,Both sexes,15 years and over,2429700.0,1977400.0,2585600.0,452300.0,3678400.0,155900.0,66.1,70.3,6.0
2023-01-01,British Columbia,Both sexes,15 years and over,2770700.0,2216000.0,2897100.0,554700.0,4455200.0,126400.0,62.2,65.0,4.4
2023-01-01,Canada,Both sexes,15 years and over,20032300.0,16437000.0,21078300.0,3595300.0,32070400.0,1046000.0,62.5,65.7,5.0
2023-01-01,Manitoba,Both sexes,15 years and over,683200.0,559300.0,712800.0,123900.0,1073300.0,29600.0,63.7,66.4,4.2
2023-01-01,New Brunswick,Both sexes,15 years and over,378500.0,321000.0,409400.0,57500.0,674300.0,30800.0,56.1,60.7,7.5
2023-01-01,Newfoundland and Labrador,Both sexes,15 years and over,234500.0,198800.0,265900.0,35700.0,451400.0,31400.0,51.9,58.9,11.8
2023-01-01,Nova Scotia,Both sexes,15 years and over,501600.0,413800.0,528100.0,87700.0,851700.0,26500.0,58.9,62.0,5.0
2023-01-01,Ontario,Both sexes,15 years and over,7849700.0,6507200.0,8276299.999999999,1342500.0,12628200.0,426600.0,62.2,65.5,5.2
2023-01-01,Prince Edward Island,Both sexes,15 years and over,83900.0,70100.0,90800.0,13800.0,141500.0,7000.0,59.3,64.2,7.7
2023-01-01,Quebec,Both sexes,15 years and over,4511600.0,3694300.0,4696900.0,817300.0,7204500.0,185300.0,62.6,65.2,3.9
2023-01-01,Saskatchewan,Both sexes,15 years and over,589000.0,479000.0,615500.0,110000.0,912000.0,26500.0,64.6,67.5,4.3
